folder_name,crs,origin_minx,origin_maxy,grid_rows,grid_cols,aoi_maxx,aoi_miny,merit_export_crs,export_minx,export_maxy,export_cols,export_rows
EMSR203_01TULSA_01DELINEATION_MAP_20170430,EPSG:32615,179280.0,4050900.0,33,40,282330.0,3964860.0,,,,,
EMSR203_01TULSA_01DELINEATION_MONIT01_20170501,EPSG:32615,179280.0,4050900.0,33,40,282330.0,3964860.0,,,,,
EMSR203_02JOPLIN_01DELINEATION_MAP_20170430,EPSG:32615,312570.0,4151520.0,37,45,428130.0,4054500.0,,,,,
EMSR203_03SPRINGFIELD_01DELINEATION_MAP_20170430,EPSG:32615,426420.0,4149360.0,36,44,540450.0,4055940.0,,,,,
EMSR203_03SPRINGFIELD_01DELINEATION_MONIT01_20170502,EPSG:32615,426420.0,4149360.0,36,44,540450.0,4055940.0,,,,,
EMSR203_04FAYETTEVILLE_01DELINEATION_MAP_20170430,EPSG:32615,322200.0,4057830.0,37,45,437490.0,3962880.0,,,,,
EMSR203_04FAYETTEVILLE_01DELINEATION_MONIT01_20170502,EPSG:32615,322200.0,4057830.0,37,45,437490.0,3962880.0,,,,,
EMSR203_05STLOUIS_01DELINEATION_MAP_20170430,EPSG:32615,692370.0,4322700.0,33,40,795690.0,4237200.0,,,,,
EMSR203_05STLOUIS_01DELINEATION_MONIT01_20170501,EPSG:32615,692370.0,4322700.0,33,40,795690.0,4237200.0,,,,,
EMSR203_06CARBONDALE_01DELINEATION_MAP_20170503,EPSG:32616,218790.0,4228380.0,48,45,334350.0,4104360.0,,,,,
EMSR203_07POPLARBLUFF_01DELINEATION_MAP_20170503,EPSG:32615,653040.0,4092570.0,39,47,774810.0,3992040.0,,,,,
EMSR215_01BRAUNSCHWEIG_01DELINEATION_MONIT01_20170730,EPSG:32632,596160.0,5797800.0,5,5,609750.0,5783220.0,,,,,
EMSR228_01EASTDERRY_01DELINEATION_MAP_20170827,EPSG:32629,607320.0,6116310.0,6,13,642060.0,6100830.0,,,,,
EMSR228_01EASTDERRY_01DELINEATION_MONIT01_20170823,EPSG:32629,607320.0,6116310.0,6,13,642060.0,6100830.0,,,,,
EMSR228_02WESTDERRY_01DELINEATION_MAP_20170827,EPSG:32629,590130.0,6101190.0,9,11,619470.0,6076980.0,,,,,
EMSR228_02WESTDERRY_01DELINEATION_MONIT01_20170823,EPSG:32629,590130.0,6101190.0,9,11,619470.0,6076980.0,,,,,
EMSR228_03DUNGIVEN_01DELINEATION_MONIT01_20170823,EPSG:32629,618750.0,6102000.0,9,11,648360.0,6077610.0,,,,,
EMSR228_04STRABANE_01DELINEATION_MONIT01_20170823,EPSG:32629,586980.0,6077700.0,10,12,618390.0,6051690.0,,,,,
EMSR228_05COOKSTOWN_01DELINEATION_MONIT01_20170823,EPSG:32629,617670.0,6078510.0,10,12,649260.0,6052320.0,,,,,
EMSR228_06DROMORE_01DELINEATION_MONIT01_20170823,EPSG:32629,583830.0,6052320.0,10,12,615150.0,6026490.0,,,,,
EMSR228_07DUNGANNON_01DELINEATION_MONIT01_20170823,EPSG:32629,614430.0,6053220.0,10,12,645840.0,6027120.0,,,,,
EMSR231_02INISHOWENEAST_01DELINEATION_MONIT01_20170823,EPSG:32629,602910.0,6141960.0,15,14,640620.0,6101010.0,,,,,
EMSR231_02INISHOWENEAST_01DELINEATION_MONIT02_20170826,EPSG:32629,602910.0,6141960.0,15,14,640620.0,6101010.0,,,,,
EMSR231_03BALLYBOFEY_01DELINEATION_MONIT01_20170823,EPSG:32629,575100.0,6102630.0,14,17,620280.0,6065280.0,,,,,
EMSR231_03BALLYBOFEY_01DELINEATION_MONIT02_20170826,EPSG:32629,575100.0,6102630.0,14,17,620280.0,6065280.0,,,,,
EMSR231_03BALLYBOFEY_01DELINEATION_MONIT03_20170828,EPSG:32629,575100.0,6102630.0,14,17,620280.0,6065280.0,,,,,
EMSR238_01STAGNO_01DELINEATION_MAP_20170912,EPSG:32632,604350.0,4832730.0,3,4,616500.0,4824000.0,,,,,
EMSR238_02ARDENZAMONTENERO_01DELINEATION_MAP_20170912,EPSG:32632,604080.0,4824360.0,3,3,613800.0,4815180.0,,,,,
EMSR238_03QUERCIANELLA_01DELINEATION_MAP_20170912,EPSG:32632,607320.0,4815630.0,2,4,617580.0,4808340.0,,,,,
EMSR238_04ROSIGNANO_01DELINEATION_MAP_20170910,EPSG:32632,613080.0,4808880.0,2,3,623160.0,4801500.0,,,,,
EMSR251_02ARENDAL_01DELINEATION_MONIT01_20171022,EPSG:32632,459900.0,6509160.0,23,22,516600.0,6448230.0,,,,,
EMSR251_03KRAGERO_01DELINEATION_MONIT02_20171022,EPSG:32632,472320.0,6565770.0,21,26,541080.0,6509700.0,,,,,
EMSR257_02NEAPERAMOS_02GRADING_MAP_20171120,EPSG:32634,709920.0,4212900.0,2,2,717030.0,4207050.0,,,,,
EMSR257_03LAKKAKALOGIROU_02GRADING_MAP_20171120,EPSG:32634,706050.0,4212810.0,2,1,711090.0,4205790.0,,,,,
EMSR258_01DIVJAKE_01DELINEATION_MAP_20171204,EPSG:32634,365310.0,4547970.0,7,10,393120.0,4528350.0,,,,,
EMSR258_02TOPOJE_01DELINEATION_MAP_20171204,EPSG:32634,360000.0,4529070.0,7,6,376470.0,4510800.0,,,,,
EMSR258_03KOLONJE_01DELINEATION_MAP_20171204,EPSG:32634,376020.0,4528890.0,7,7,396360.0,4510800.0,,,,,
EMSR258_04NOVOSELE_01DELINEATION_MAP_20171204,EPSG:32634,356310.0,4511430.0,6,6,372420.0,4494330.0,,,,,
EMSR258_05PATOS_01DELINEATION_MAP_20171204,EPSG:32634,371970.0,4511340.0,6,8,393030.0,4493790.0,,,,,
EMSR258_06VLORE_01DELINEATION_MAP_20171204,EPSG:32634,359640.0,4494690.0,6,7,379800.0,4476780.0,,,,,
EMSR258_07ARMEN_01DELINEATION_MAP_20171204,EPSG:32634,379440.0,4494240.0,6,7,398070.0,4476510.0,,,,,
EMSR258_08BELSH_01DELINEATION_MAP_20171202,EPSG:32634,398430.0,4536000.0,7,6,414360.0,4518000.0,,,,,
EMSR258_08BELSH_01DELINEATION_MONIT01_20171203,EPSG:32634,398430.0,4536000.0,7,6,414360.0,4518000.0,,,,,
EMSR258_09GRAMSCH_01DELINEATION_MAP_20171203,EPSG:32634,414000.0,4539420.0,8,7,433170.0,4517370.0,,,,,
EMSR258_10URAVAJGURORE_01DELINEATION_MAP_20171202,EPSG:32634,395370.0,4518270.0,6,9,419220.0,4501260.0,,,,,
EMSR258_10URAVAJGURORE_01DELINEATION_MONIT01_20171203,EPSG:32634,395370.0,4518270.0,6,9,419220.0,4501260.0,,,,,
EMSR258_12SEVASTER_01DELINEATION_MAP_20171203,EPSG:32634,388620.0,4476780.0,5,8,410130.0,4463820.0,,,,,
EMSR258_13TEPELENE_01DELINEATION_MAP_20171202,EPSG:32634,408330.0,4468680.0,10,11,438390.0,4441500.0,,,,,
EMSR258_13TEPELENE_01DELINEATION_MONIT01_20171203,EPSG:32634,408330.0,4468680.0,10,11,438390.0,4441500.0,,,,,
EMSR258_14FUSHEKRUJE_01DELINEATION_MAP_20171201,EPSG:32634,382680.0,4605120.0,6,4,395010.0,4589280.0,,,,,
EMSR260_01CICOGNARA_01DELINEATION_MAP_20171212,EPSG:32632,608670.0,4978800.0,3,4,619110.0,4970160.0,,,,,
EMSR260_01CICOGNARA_01DELINEATION_MONIT01_20171214,EPSG:32632,608670.0,4978800.0,3,4,619110.0,4970160.0,,,,,
EMSR260_01CICOGNARA_02GRADING_MAP_20171217,EPSG:32632,608670.0,4978800.0,3,4,619110.0,4970160.0,,,,,
EMSR260_02VIADANA_01DELINEATION_MAP_20171212,EPSG:32632,618930.0,4978980.0,3,4,629370.0,4970340.0,,,,,
EMSR260_02VIADANA_01DELINEATION_MONIT01_20171214,EPSG:32632,618930.0,4978980.0,3,4,629370.0,4970340.0,,,,,
EMSR260_03SORBOLO_01DELINEATION_MAP_20171212,EPSG:32632,608850.0,4970430.0,3,4,619290.0,4961790.0,,,,,
EMSR260_03SORBOLO_01DELINEATION_MONIT01_20171214,EPSG:32632,608850.0,4970430.0,3,4,619290.0,4961790.0,,,,,
EMSR260_03SORBOLO_02GRADING_MAP_20171217,EPSG:32632,608850.0,4970430.0,3,4,619290.0,4961790.0,,,,,
EMSR260_04SANTILARIODENZA_01DELINEATION_MAP_20171212,EPSG:32632,609030.0,4962060.0,3,4,619470.0,4953330.0,,,,,
EMSR260_04SANTILARIODENZA_02GRADING_MAP_20171217,EPSG:32632,609030.0,4962060.0,3,4,619470.0,4953330.0,,,,,
EMSR260_05MONTECCHIOEMILIA_01DELINEATION_MAP_20171212,EPSG:32632,609120.0,4953600.0,3,4,619650.0,4944960.0,,,,,
EMSR260_05MONTECCHIOEMILIA_01DELINEATION_MONIT01_20171214,EPSG:32632,609120.0,4953600.0,3,4,619650.0,4944960.0,,,,,
EMSR260_05MONTECCHIOEMILIA_02GRADING_MAP_20171217,EPSG:32632,609120.0,4953600.0,3,4,619650.0,4944960.0,,,,,
EMSR260_06SANPOLODENZA_01DELINEATION_MAP_20171212,EPSG:32632,609300.0,4945230.0,3,4,619830.0,4936590.0,,,,,
EMSR260_06SANPOLODENZA_01DELINEATION_MONIT01_20171214,EPSG:32632,609300.0,4945230.0,3,4,619830.0,4936590.0,,,,,
EMSR260_07CAMPOGALLIANO_01DELINEATION_MAP_20171212,EPSG:32632,635760.0,4957740.0,3,4,648000.0,4947570.0,,,,,
EMSR260_07CAMPOGALLIANO_01DELINEATION_MONIT01_20171213,EPSG:32632,635760.0,4957740.0,3,4,648000.0,4947570.0,,,,,
EMSR260_08SOLIERA_01DELINEATION_MAP_20171212,EPSG:32632,647730.0,4958010.0,3,4,659970.0,4947840.0,,,,,
EMSR260_08SOLIERA_01DELINEATION_MONIT02_20171213,EPSG:32632,647730.0,4958010.0,3,4,659970.0,4947840.0,,,,,
EMSR260_08SOLIERA_02GRADING_MAP_20171217,EPSG:32632,647640.0,4958010.0,3,4,659880.0,4947930.0,,,,,
EMSR260_09RUBIERA_01DELINEATION_MAP_20171212,EPSG:32632,635940.0,4947930.0,3,4,648270.0,4938210.0,,,,,
EMSR260_09RUBIERA_01DELINEATION_MONIT01_20171213,EPSG:32632,635940.0,4947930.0,3,4,648270.0,4938210.0,,,,,
EMSR260_09RUBIERA_02GRADING_MAP_20171217,EPSG:32632,635940.0,4947930.0,3,4,648270.0,4938210.0,,,,,
EMSR260_10MODENA_01DELINEATION_MAP_20171212,EPSG:32632,647910.0,4948200.0,3,4,660240.0,4938480.0,,,,,
EMSR260_10MODENA_01DELINEATION_MONIT01_20171213,EPSG:32632,647910.0,4948200.0,3,4,660240.0,4938480.0,,,,,
EMSR260_10MODENA_02GRADING_MAP_20171217,EPSG:32632,647910.0,4948200.0,3,4,660240.0,4938480.0,,,,,
EMSR261_01HANNOVER_01DELINEATION_MONIT01_20170729,EPSG:32632,523170.0,5849910.0,26,24,585900.0,5782320.0,,,,,
EMSR261_01HANNOVER_01DELINEATION_MONIT02_20170806,EPSG:32632,523170.0,5849910.0,26,24,585900.0,5782320.0,,,,,
EMSR261_01HANNOVER_01DELINEATION_MONIT03_20170725,EPSG:32632,523170.0,5849910.0,26,24,585900.0,5782320.0,,,,,
EMSR261_01HANNOVER_01DELINEATION_MONIT04_20171216,EPSG:32632,523170.0,5849910.0,26,24,585900.0,5782320.0,,,,,
EMSR261_01HANNOVER_01DELINEATION_MONIT05_20171217,EPSG:32632,523170.0,5849910.0,26,24,585900.0,5782320.0,,,,,
EMSR261_01HANNOVER_01DELINEATION_MONIT06_20171218,EPSG:32632,523170.0,5849910.0,26,24,585900.0,5782320.0,,,,,
EMSR261_01HANNOVER_01DELINEATION_MONIT07_20171219,EPSG:32632,523170.0,5849910.0,26,24,585900.0,5782320.0,,,,,
EMSR261_02EINBECK_01DELINEATION_MAP_20171216,EPSG:32632,523530.0,5783040.0,26,24,587070.0,5715540.0,,,,,
EMSR261_02EINBECK_01DELINEATION_MONIT01_20171217,EPSG:32632,523530.0,5783040.0,26,24,587070.0,5715540.0,,,,,
EMSR261_02EINBECK_01DELINEATION_MONIT02_20171218,EPSG:32632,523530.0,5783040.0,26,24,587070.0,5715540.0,,,,,
EMSR261_02EINBECK_01DELINEATION_MONIT03_20171219,EPSG:32632,523530.0,5783040.0,26,24,587070.0,5715540.0,,,,,
EMSR261_03WOLFSBURG_01DELINEATION_MONIT01_20170803,EPSG:32632,575100.0,5838030.0,34,27,645300.0,5750370.0,,,,,
EMSR261_03WOLFSBURG_01DELINEATION_MONIT02_20170729,EPSG:32632,575100.0,5838030.0,34,27,645300.0,5750370.0,,,,,
EMSR261_03WOLFSBURG_01DELINEATION_MONIT04_20171215,EPSG:32632,575100.0,5838030.0,34,27,645300.0,5750370.0,,,,,
EMSR261_03WOLFSBURG_01DELINEATION_MONIT05_20171217,EPSG:32632,575100.0,5838030.0,34,27,645300.0,5750370.0,,,,,
EMSR261_03WOLFSBURG_01DELINEATION_MONIT06_20171218,EPSG:32632,575100.0,5838030.0,34,27,645300.0,5750370.0,,,,,
EMSR261_03WOLFSBURG_01DELINEATION_MONIT07_20171219,EPSG:32632,575100.0,5838030.0,34,27,645300.0,5750370.0,,,,,
EMSR265_01DRAVEIL_01DELINEATION_MAP_20180123,EPSG:32631,451530.0,5397480.0,5,5,465390.0,5383170.0,,,,,
EMSR265_01DRAVEIL_01DELINEATION_MONIT01_20180124,EPSG:32631,451530.0,5397480.0,5,5,465390.0,5383170.0,,,,,
EMSR265_01DRAVEIL_01DELINEATION_MONIT02_20180126,EPSG:32631,451530.0,5397480.0,5,5,465390.0,5383170.0,,,,,
EMSR265_01DRAVEIL_01DELINEATION_MONIT03_20180128,EPSG:32631,451530.0,5397480.0,5,5,465390.0,5383170.0,,,,,
EMSR265_04ESBLY_01DELINEATION_MAP_20180123,EPSG:32631,477360.0,5424750.0,4,6,493560.0,5412690.0,,,,,
EMSR265_04ESBLY_01DELINEATION_MONIT01_20180125,EPSG:32631,477360.0,5424750.0,4,6,493560.0,5412690.0,,,,,
EMSR265_04ESBLY_01DELINEATION_MONIT02_20180126,EPSG:32631,477360.0,5424750.0,4,6,493560.0,5412690.0,,,,,
EMSR265_04ESBLY_01DELINEATION_MONIT03_20180131,EPSG:32631,477360.0,5424750.0,4,6,493560.0,5412690.0,,,,,
EMSR265_04ESBLY_01DELINEATION_MONIT04_20180202,EPSG:32631,477360.0,5424750.0,4,6,493560.0,5412690.0,,,,,
EMSR265_04ESBLY_01DELINEATION_MONIT06_20180204,EPSG:32631,477360.0,5424750.0,4,6,493560.0,5412690.0,,,,,
EMSR265_05NOISY-LE-GRAND_01DELINEATION_MAP_20180124,EPSG:32631,457650.0,5416290.0,5,8,479430.0,5403150.0,,,,,
EMSR265_05NOISY-LE-GRAND_01DELINEATION_MONIT01_20180131,EPSG:32631,457650.0,5416290.0,5,8,479430.0,5403150.0,,,,,
EMSR265_06PARISOVERVIEW_01DELINEATION_MAP_20180125,EPSG:32631,426330.0,5427360.0,22,27,497790.0,5370210.0,,,,,
EMSR265_06PARISOVERVIEW_01DELINEATION_MONIT01_20180126,EPSG:32631,426330.0,5427360.0,22,27,497790.0,5370210.0,,,,,
EMSR265_06PARISOVERVIEW_01DELINEATION_MONIT02_20180127,EPSG:32631,426330.0,5427360.0,22,27,497790.0,5370210.0,,,,,
EMSR265_07DAMMARIE-LES-LYS_01DELINEATION_MAP_20180123,EPSG:32631,457650.0,5386230.0,7,9,482220.0,5366160.0,,,,,
EMSR265_07DAMMARIE-LES-LYS_01DELINEATION_MONIT01_20180125,EPSG:32631,457650.0,5386230.0,7,9,482220.0,5366160.0,,,,,
EMSR265_07DAMMARIE-LES-LYS_01DELINEATION_MONIT02_20180127,EPSG:32631,457650.0,5386230.0,7,9,482220.0,5366160.0,,,,,
EMSR265_08FONTAINEBLEAU_01DELINEATION_MAP_20180123,EPSG:32631,468000.0,5372010.0,8,9,493020.0,5351490.0,,,,,
EMSR265_08FONTAINEBLEAU_01DELINEATION_MONIT02_20180127,EPSG:32631,468000.0,5372010.0,8,9,493020.0,5351490.0,,,,,
EMSR265_08FONTAINEBLEAU_01DELINEATION_MONIT03_20180202,EPSG:32631,468000.0,5372010.0,8,9,493020.0,5351490.0,,,,,
EMSR265_08FONTAINEBLEAU_01DELINEATION_MONIT04_20180204,EPSG:32631,468000.0,5372010.0,8,9,493020.0,5351490.0,,,,,
EMSR265_09VOULX_01DELINEATION_MAP_20180122,EPSG:32631,489690.0,5362200.0,7,9,513810.0,5342580.0,,,,,
EMSR265_09VOULX_01DELINEATION_MONIT01_20180123,EPSG:32631,489690.0,5362200.0,7,9,513810.0,5342580.0,,,,,
EMSR265_09VOULX_01DELINEATION_MONIT03_20180127,EPSG:32631,489690.0,5362200.0,7,9,513810.0,5342580.0,,,,,
EMSR265_09VOULX_01DELINEATION_MONIT04_20180202,EPSG:32631,489690.0,5362200.0,7,9,513810.0,5342580.0,,,,,
EMSR265_09VOULX_01DELINEATION_MONIT05_20180205,EPSG:32631,489690.0,5362200.0,7,9,513810.0,5342580.0,,,,,
EMSR265_10SENS_01DELINEATION_MONIT02_20180125,EPSG:32631,509310.0,5351760.0,7,9,532620.0,5332590.0,,,,,
EMSR265_10SENS_01DELINEATION_MONIT03_20180126,EPSG:32631,509310.0,5351760.0,7,9,532620.0,5332590.0,,,,,
EMSR265_10SENS_01DELINEATION_MONIT04_20180127,EPSG:32631,509310.0,5351760.0,7,9,532620.0,5332590.0,,,,,
EMSR265_11VILLENEUVE-SUR-YONNE_01DELINEATION_MAP_20180122,EPSG:32631,511560.0,5333490.0,7,8,533700.0,5315310.0,,,,,
EMSR265_11VILLENEUVE-SUR-YONNE_01DELINEATION_MONIT01_20180123,EPSG:32631,511560.0,5333490.0,7,8,533700.0,5315310.0,,,,,
EMSR265_11VILLENEUVE-SUR-YONNE_01DELINEATION_MONIT02_20180125,EPSG:32631,511560.0,5333490.0,7,8,533700.0,5315310.0,,,,,
EMSR265_11VILLENEUVE-SUR-YONNE_01DELINEATION_MONIT03_20180126,EPSG:32631,511560.0,5333490.0,7,8,533700.0,5315310.0,,,,,
EMSR265_11VILLENEUVE-SUR-YONNE_01DELINEATION_MONIT04_20180127,EPSG:32631,511560.0,5333490.0,7,8,533700.0,5315310.0,,,,,
EMSR265_12BONNARD_01DELINEATION_MAP_20180122,EPSG:32631,519660.0,5318370.0,8,10,545400.0,5297220.0,,,,,
EMSR265_12BONNARD_01DELINEATION_MONIT01_20180123,EPSG:32631,519660.0,5318370.0,8,10,545400.0,5297220.0,,,,,
EMSR265_12BONNARD_01DELINEATION_MONIT02_20180125,EPSG:32631,519660.0,5318370.0,8,10,545400.0,5297220.0,,,,,
EMSR265_12BONNARD_01DELINEATION_MONIT03_20180126,EPSG:32631,519660.0,5318370.0,8,10,545400.0,5297220.0,,,,,
EMSR265_12BONNARD_01DELINEATION_MONIT04_20180127,EPSG:32631,519660.0,5318370.0,8,10,545400.0,5297220.0,,,,,
EMSR265_13AUXERRE_01DELINEATION_MAP_20180122,EPSG:32631,533160.0,5300370.0,7,8,555570.0,5282010.0,,,,,
EMSR265_13AUXERRE_01DELINEATION_MONIT01_20180123,EPSG:32631,533160.0,5300370.0,7,8,555570.0,5282010.0,,,,,
EMSR265_13AUXERRE_01DELINEATION_MONIT02_20180125,EPSG:32631,533160.0,5300370.0,7,8,555570.0,5282010.0,,,,,
EMSR265_13AUXERRE_01DELINEATION_MONIT03_20180126,EPSG:32631,533160.0,5300370.0,7,8,555570.0,5282010.0,,,,,
EMSR265_13AUXERRE_01DELINEATION_MONIT04_20180127,EPSG:32631,533160.0,5300370.0,7,8,555570.0,5282010.0,,,,,
EMSR265_14MONTMIRAIL_01DELINEATION_MAP_20180125,EPSG:32631,501300.0,5449140.0,19,23,561780.0,5399550.0,,,,,
EMSR265_14MONTMIRAIL_01DELINEATION_MONIT01_20180126,EPSG:32631,501300.0,5449140.0,19,23,561780.0,5399550.0,,,,,
EMSR265_14MONTMIRAIL_01DELINEATION_MONIT02_20180127,EPSG:32631,501300.0,5449140.0,19,23,561780.0,5399550.0,,,,,
EMSR265_15EPERNAY_01DELINEATION_MAP_20180122,EPSG:32631,561600.0,5447610.0,19,24,623070.0,5396940.0,,,,,
EMSR265_15EPERNAY_01DELINEATION_MONIT01_20180126,EPSG:32631,561600.0,5447610.0,19,24,623070.0,5396940.0,,,,,
EMSR265_16NOGENTSURSEINE_01DELINEATION_MAP_20180125,EPSG:32631,507150.0,5380830.0,11,13,541440.0,5352660.0,,,,,
EMSR265_16NOGENTSURSEINE_01DELINEATION_MONIT01_20180126,EPSG:32631,507150.0,5380830.0,11,13,541440.0,5352660.0,,,,,
EMSR265_16NOGENTSURSEINE_01DELINEATION_MONIT02_20180127,EPSG:32631,507150.0,5380830.0,11,13,541440.0,5352660.0,,,,,
EMSR265_17ROMILLYSURSEINE_01DELINEATION_MAP_20180125,EPSG:32631,540990.0,5383980.0,11,13,575460.0,5355630.0,,,,,
EMSR265_17ROMILLYSURSEINE_01DELINEATION_MONIT01_20180126,EPSG:32631,540990.0,5383980.0,11,13,575460.0,5355630.0,,,,,
EMSR265_17ROMILLYSURSEINE_01DELINEATION_MONIT02_20180127,EPSG:32631,540990.0,5383980.0,11,13,575460.0,5355630.0,,,,,
EMSR265_18ARCISSURAUBE_01DELINEATION_MAP_20180125,EPSG:32631,575190.0,5384520.0,11,13,609840.0,5355990.0,,,,,
EMSR265_18ARCISSURAUBE_01DELINEATION_MONIT01_20180126,EPSG:32631,575190.0,5384520.0,11,13,609840.0,5355990.0,,,,,
EMSR265_18ARCISSURAUBE_01DELINEATION_MONIT02_20180127,EPSG:32631,575190.0,5384520.0,11,13,609840.0,5355990.0,,,,,
EMSR265_19TROYES_01DELINEATION_MAP_20180125,EPSG:32631,568260.0,5359860.0,11,13,602910.0,5331330.0,,,,,
EMSR265_20BRIENNELECHATEAU_01DELINEATION_MAP_20180126,EPSG:32631,601920.0,5365440.0,11,13,636750.0,5336730.0,,,,,
EMSR265_21BARSURSEINE_01DELINEATION_MAP_20180126,EPSG:32631,593910.0,5333760.0,8,10,621720.0,5310810.0,,,,,
EMSR265_21BARSURSEINE_01DELINEATION_MONIT01_20180128,EPSG:32631,593910.0,5333760.0,8,10,621720.0,5310810.0,,,,,
EMSR265_22LESMUREAUX_01DELINEATION_MAP_20180127,EPSG:32631,404550.0,5436540.0,11,13,437850.0,5408190.0,,,,,
EMSR265_22LESMUREAUX_01DELINEATION_MONIT01_20180129,EPSG:32631,404550.0,5436540.0,11,13,437850.0,5408190.0,,,,,
EMSR265_22LESMUREAUX_01DELINEATION_MONIT02_20180131,EPSG:32631,404550.0,5436540.0,11,13,437850.0,5408190.0,,,,,
EMSR265_22LESMUREAUX_01DELINEATION_MONIT03_20180201,EPSG:32631,404550.0,5436540.0,11,13,437850.0,5408190.0,,,,,
EMSR265_22LESMUREAUX_01DELINEATION_MONIT04_20180202,EPSG:32631,404550.0,5436540.0,11,13,437850.0,5408190.0,,,,,
EMSR265_22LESMUREAUX_01DELINEATION_MONIT05_20180205,EPSG:32631,404550.0,5436540.0,11,13,437850.0,5408190.0,,,,,
EMSR265_23LESBORDES_01DELINEATION_MAP_20180127,EPSG:32631,431010.0,5326380.0,18,22,489510.0,5278410.0,,,,,
EMSR265_23LESBORDES_01DELINEATION_MONIT01_20180128,EPSG:32631,431010.0,5326380.0,18,22,489510.0,5278410.0,,,,,
EMSR265_24HONFLEUR_01DELINEATION_MAP_20180201,EPSG:32631,283770.0,5501520.0,15,19,333000.0,5460660.0,,,,,
EMSR265_24HONFLEUR_01DELINEATION_MONIT02_20180204,EPSG:32631,283770.0,5501520.0,15,19,333000.0,5460660.0,,,,,
EMSR265_24HONFLEUR_01DELINEATION_MONIT03_20180205,EPSG:32631,283770.0,5501520.0,15,19,333000.0,5460660.0,,,,,
EMSR265_25ELBEUF_01DELINEATION_MONIT01_20180201,EPSG:32631,331200.0,5491800.0,20,18,378990.0,5440230.0,,,,,
EMSR265_25ELBEUF_01DELINEATION_MONIT02_20180202,EPSG:32631,331200.0,5491800.0,20,18,378990.0,5440230.0,,,,,
EMSR265_25ELBEUF_01DELINEATION_MONIT03_20180205,EPSG:32631,331200.0,5491800.0,20,18,378990.0,5440230.0,,,,,
EMSR265_26VERNON_01DELINEATION_MAP_20180131,EPSG:32631,377550.0,5469480.0,18,17,421380.0,5421870.0,,,,,
EMSR265_26VERNON_01DELINEATION_MONIT01_20180201,EPSG:32631,377550.0,5469480.0,18,17,421380.0,5421870.0,,,,,
EMSR265_26VERNON_01DELINEATION_MONIT02_20180202,EPSG:32631,377550.0,5469480.0,18,17,421380.0,5421870.0,,,,,
EMSR265_26VERNON_01DELINEATION_MONIT03_20180205,EPSG:32631,377550.0,5469480.0,18,17,421380.0,5421870.0,,,,,
EMSR267_01RUSNE_01DELINEATION_MAP_20180131,EPSG:32634,511560.0,6141780.0,10,13,544950.0,6114330.0,,,,,
EMSR268_01DAUGAVA_01DELINEATION_MAP_20180204,EPSG:32635,410040.0,6283530.0,10,13,443430.0,6255990.0,,,,,
EMSR268_02LIELUPE_01DELINEATION_MAP_20180204,EPSG:32634,662400.0,6288480.0,13,16,704790.0,6253110.0,,,,,
EMSR271_04STEFANOVIKIO_01DELINEATION_MAP_20180227,EPSG:32634,635400.0,4375620.0,7,8,658170.0,4356900.0,,,,,
EMSR273_01GRILE_01DELINEATION_MAP_20180311,EPSG:32634,369990.0,4670910.0,3,3,378630.0,4661550.0,,,,,
EMSR273_01GRILE_01DELINEATION_MONIT01_20180312,EPSG:32634,369990.0,4670910.0,3,3,378630.0,4661550.0,,,,,
EMSR273_01GRILE_01DELINEATION_MONIT02_20180314,EPSG:32634,369990.0,4670910.0,3,3,378630.0,4661550.0,,,,,
EMSR273_01GRILE_01DELINEATION_MONIT03_20180318,EPSG:32634,369990.0,4670910.0,3,3,378630.0,4661550.0,,,,,
EMSR273_01GRILE_01DELINEATION_MONIT04_20180322,EPSG:32634,369990.0,4670910.0,3,3,378630.0,4661550.0,,,,,
EMSR273_02DAJC_01DELINEATION_MAP_20180311,EPSG:32634,358380.0,4662090.0,5,5,372510.0,4646880.0,,,,,
EMSR273_02DAJC_01DELINEATION_MONIT01_20180312,EPSG:32634,358380.0,4662090.0,5,5,372510.0,4646880.0,,,,,
EMSR273_02DAJC_01DELINEATION_MONIT02_20180314,EPSG:32634,358380.0,4662090.0,5,5,372510.0,4646880.0,,,,,
EMSR273_02DAJC_01DELINEATION_MONIT03_20180318,EPSG:32634,358380.0,4662090.0,5,5,372510.0,4646880.0,,,,,
EMSR273_02DAJC_01DELINEATION_MONIT04_20180322,EPSG:32634,358380.0,4662090.0,5,5,372510.0,4646880.0,,,,,
EMSR273_03SCUTARI_01DELINEATION_MAP_20180311,EPSG:32634,372150.0,4661820.0,5,5,386190.0,4646700.0,,,,,
EMSR273_03SCUTARI_01DELINEATION_MONIT01_20180312,EPSG:32634,372150.0,4661820.0,5,5,386190.0,4646700.0,,,,,
EMSR273_03SCUTARI_01DELINEATION_MONIT02_20180314,EPSG:32634,372150.0,4661820.0,5,5,386190.0,4646700.0,,,,,
EMSR273_03SCUTARI_01DELINEATION_MONIT03_20180318,EPSG:32634,372150.0,4661820.0,5,5,386190.0,4646700.0,,,,,
EMSR273_03SCUTARI_01DELINEATION_MONIT04_20180322,EPSG:32634,372150.0,4661820.0,5,5,386190.0,4646700.0,,,,,
EMSR273_04GOMSIQE_01DELINEATION_MAP_20180311,EPSG:32634,358380.0,4647240.0,5,5,371340.0,4633380.0,,,,,
EMSR273_04GOMSIQE_01DELINEATION_MONIT01_20180312,EPSG:32634,358380.0,4647240.0,5,5,371340.0,4633380.0,,,,,
EMSR273_04GOMSIQE_01DELINEATION_MONIT02_20180314,EPSG:32634,358380.0,4647240.0,5,5,371340.0,4633380.0,,,,,
EMSR273_04GOMSIQE_01DELINEATION_MONIT03_20180318,EPSG:32634,358380.0,4647240.0,5,5,371340.0,4633380.0,,,,,
EMSR273_04GOMSIQE_01DELINEATION_MONIT04_20180322,EPSG:32634,358380.0,4647240.0,5,5,371340.0,4633380.0,,,,,
EMSR273_05BARBULLUSH_01DELINEATION_MAP_20180311,EPSG:32634,370980.0,4646970.0,5,5,383940.0,4633200.0,,,,,
EMSR273_05BARBULLUSH_01DELINEATION_MONIT01_20180312,EPSG:32634,370980.0,4646970.0,5,5,383940.0,4633200.0,,,,,
EMSR273_05BARBULLUSH_01DELINEATION_MONIT02_20180314,EPSG:32634,370980.0,4646970.0,5,5,383940.0,4633200.0,,,,,
EMSR273_05BARBULLUSH_01DELINEATION_MONIT03_20180318,EPSG:32634,370980.0,4646970.0,5,5,383940.0,4633200.0,,,,,
EMSR273_05BARBULLUSH_01DELINEATION_MONIT04_20180322,EPSG:32634,370980.0,4646970.0,5,5,383940.0,4633200.0,,,,,
EMSR275_01LIJEVIDUBROVCAK_01DELINEATION_MAP_20180322,EPSG:32633,588330.0,5062320.0,12,14,626580.0,5030910.0,,,,,
EMSR275_02KUTINA_01DELINEATION_MAP_20180322,EPSG:32633,608670.0,5045130.0,12,14,646920.0,5013630.0,,,,,
EMSR275_02KUTINA_01DELINEATION_MONIT01_20180324,EPSG:32633,608670.0,5045130.0,12,14,646920.0,5013630.0,,,,,
EMSR275_02KUTINA_01DELINEATION_MONIT02_20180325,EPSG:32633,608670.0,5045130.0,12,14,646920.0,5013630.0,,,,,
EMSR275_03NOVSKA_01DELINEATION_MAP_20180322,EPSG:32633,639450.0,5025690.0,11,13,674730.0,4996530.0,,,,,
EMSR275_03NOVSKA_01DELINEATION_MONIT01_20180325,EPSG:32633,639450.0,5025690.0,11,13,674730.0,4996530.0,,,,,
EMSR277_01ORESTIADA_01DELINEATION_MAP_20180327,EPSG:32635,428760.0,4629600.0,13,16,472230.0,4593870.0,,,,,
EMSR277_01ORESTIADA_01DELINEATION_MONIT01_20180401,EPSG:32635,428760.0,4629600.0,13,16,472230.0,4593870.0,,,,,
EMSR277_03FERES_01DELINEATION_MONIT01_20180327,EPSG:32635,419220.0,4555890.0,15,18,467370.0,4516380.0,,,,,
EMSR279_01VITORIA-GASTEIZ_01DELINEATION_MAP_20180414,EPSG:32630,500670.0,4773150.0,21,26,567900.0,4718070.0,,,,,
EMSR279_02PAMPLONA_01DELINEATION_MAP_20180414,EPSG:32630,567450.0,4774140.0,21,26,635220.0,4718430.0,,,,,
EMSR279_03ALFARO_01DELINEATION_MAP_20180414,EPSG:32630,557550.0,4718970.0,21,26,625230.0,4663350.0,,,,,
EMSR279_04TUDELA_01DELINEATION_MAP_20180413,EPSG:32630,608220.0,4664970.0,17,21,663660.0,4619160.0,,,,,
EMSR279_04TUDELA_01DELINEATION_MONIT01_20180415,EPSG:32630,608220.0,4664970.0,17,21,663660.0,4619160.0,,,,,
EMSR279_04TUDELA_01DELINEATION_MONIT02_20180417,EPSG:32630,608220.0,4664970.0,17,21,663660.0,4619160.0,,,,,
EMSR279_05ZARAGOZA_01DELINEATION_MAP_20180413,EPSG:32630,653220.0,4629240.0,18,21,709020.0,4583160.0,,,,,
EMSR279_05ZARAGOZA_01DELINEATION_MONIT01_20180415,EPSG:32630,653220.0,4629240.0,18,21,709020.0,4583160.0,,,,,
EMSR279_05ZARAGOZA_01DELINEATION_MONIT02_20180416,EPSG:32630,653220.0,4629240.0,18,21,709020.0,4583160.0,,,,,
EMSR279_06CASPE_01DELINEATION_MAP_20180413,EPSG:32630,700290.0,4602150.0,18,21,756270.0,4555800.0,,,,,
EMSR279_06CASPE_01DELINEATION_MONIT01_20180414,EPSG:32630,700290.0,4602150.0,18,21,756270.0,4555800.0,,,,,
EMSR279_06CASPE_01DELINEATION_MONIT02_20180417,EPSG:32630,700290.0,4602150.0,18,21,756270.0,4555800.0,,,,,
EMSR279_07ALFARO_02GRADING_MAP_20180418,EPSG:32630,602640.0,4675950.0,2,3,611370.0,4668840.0,,,,,
EMSR279_08ALCALADEEBRO_02GRADING_MAP_20180418,EPSG:32630,646560.0,4633830.0,2,3,655290.0,4626630.0,,,,,
EMSR279_11TORTOSA_01DELINEATION_MAP_20180419,EPSG:32631,268560.0,4531230.0,19,23,327870.0,4482270.0,,,,,
EMSR280_01MALUNG_01DELINEATION_MAP_20180422,EPSG:32633,412740.0,6741180.0,12,11,441450.0,6710220.0,,,,,
EMSR280_01MALUNG_01DELINEATION_MONIT01_20180423,EPSG:32633,412740.0,6741180.0,12,11,441450.0,6710220.0,,,,,
EMSR280_01MALUNG_01DELINEATION_MONIT02_20180426,EPSG:32633,412740.0,6741180.0,12,11,441450.0,6710220.0,,,,,
EMSR280_01MALUNG_01DELINEATION_MONIT03_20180428,EPSG:32633,412740.0,6741180.0,12,11,441450.0,6710220.0,,,,,
EMSR280_01MALUNG_01DELINEATION_MONIT04_20180510,EPSG:32633,412740.0,6741180.0,12,11,441450.0,6710220.0,,,,,
EMSR280_01MALUNG_01DELINEATION_MONIT05_20180513,EPSG:32633,412740.0,6741180.0,12,11,441450.0,6710220.0,,,,,
EMSR280_01MALUNG_01DELINEATION_MONIT06_20180516,EPSG:32633,412740.0,6741180.0,12,11,441450.0,6710220.0,,,,,
EMSR280_02VANSBRO_01DELINEATION_MAP_20180422,EPSG:32633,440640.0,6728940.0,16,20,493110.0,6685830.0,,,,,
EMSR280_02VANSBRO_01DELINEATION_MONIT01_20180423,EPSG:32633,440640.0,6728940.0,16,20,493110.0,6685830.0,,,,,
EMSR280_02VANSBRO_01DELINEATION_MONIT02_20180427,EPSG:32633,440640.0,6728940.0,16,20,493110.0,6685830.0,,,,,
EMSR280_02VANSBRO_01DELINEATION_MONIT03_20180429,EPSG:32633,440640.0,6728940.0,16,20,493110.0,6685830.0,,,,,
EMSR280_02VANSBRO_01DELINEATION_MONIT04_20180510,EPSG:32633,440640.0,6728940.0,16,20,493110.0,6685830.0,,,,,
EMSR280_02VANSBRO_01DELINEATION_MONIT05_20180513,EPSG:32633,440640.0,6728940.0,16,20,493110.0,6685830.0,,,,,
EMSR280_02VANSBRO_01DELINEATION_MONIT06_20180516,EPSG:32633,440640.0,6728940.0,16,20,493110.0,6685830.0,,,,,
EMSR280_03FALUN_01DELINEATION_MONIT01_20180424,EPSG:32633,522540.0,6728850.0,15,18,570960.0,6688890.0,,,,,
EMSR280_03FALUN_01DELINEATION_MONIT02_20180426,EPSG:32633,522540.0,6728850.0,15,18,570960.0,6688890.0,,,,,
EMSR280_03FALUN_01DELINEATION_MONIT03_20180428,EPSG:32633,522540.0,6728850.0,15,18,570960.0,6688890.0,,,,,
EMSR280_03FALUN_01DELINEATION_MONIT04_20180510,EPSG:32633,522540.0,6728850.0,15,18,570960.0,6688890.0,,,,,
EMSR280_03FALUN_01DELINEATION_MONIT05_20180513,EPSG:32633,522540.0,6728850.0,15,18,570960.0,6688890.0,,,,,
EMSR280_03FALUN_01DELINEATION_MONIT06_20180517,EPSG:32633,522540.0,6728850.0,15,18,570960.0,6688890.0,,,,,
EMSR280_04ENVIKEN_01DELINEATION_MAP_20180422,EPSG:32633,522270.0,6770880.0,16,20,574110.0,6728130.0,,,,,
EMSR280_04ENVIKEN_01DELINEATION_MONIT01_20180423,EPSG:32633,522270.0,6770880.0,16,20,574110.0,6728130.0,,,,,
EMSR280_04ENVIKEN_01DELINEATION_MONIT02_20180426,EPSG:32633,522270.0,6770880.0,16,20,574110.0,6728130.0,,,,,
EMSR280_04ENVIKEN_01DELINEATION_MONIT03_20180429,EPSG:32633,522270.0,6770880.0,16,20,574110.0,6728130.0,,,,,
EMSR280_04ENVIKEN_01DELINEATION_MONIT04_20180510,EPSG:32633,522270.0,6770880.0,16,20,574110.0,6728130.0,,,,,
EMSR280_04ENVIKEN_01DELINEATION_MONIT05_20180513,EPSG:32633,522270.0,6770880.0,16,20,574110.0,6728130.0,,,,,
EMSR280_04ENVIKEN_01DELINEATION_MONIT06_20180517,EPSG:32633,522270.0,6770880.0,16,20,574110.0,6728130.0,,,,,
EMSR280_05MORA_01DELINEATION_MAP_20180422,EPSG:32633,441270.0,6796440.0,14,17,486180.0,6759540.0,,,,,
EMSR280_05MORA_01DELINEATION_MONIT02_20180427,EPSG:32633,441270.0,6796440.0,14,17,486180.0,6759540.0,,,,,
EMSR280_05MORA_01DELINEATION_MONIT03_20180429,EPSG:32633,441270.0,6796440.0,14,17,486180.0,6759540.0,,,,,
EMSR280_05MORA_01DELINEATION_MONIT04_20180510,EPSG:32633,441270.0,6796440.0,14,17,486180.0,6759540.0,,,,,
EMSR280_05MORA_01DELINEATION_MONIT05_20180513,EPSG:32633,441270.0,6796440.0,14,17,486180.0,6759540.0,,,,,
EMSR280_05MORA_01DELINEATION_MONIT06_20180516,EPSG:32633,441270.0,6796440.0,14,17,486180.0,6759540.0,,,,,
EMSR283_01JORDET_01DELINEATION_MAP_20180512,EPSG:32633,342990.0,6819120.0,5,6,360720.0,6804270.0,,,,,
EMSR283_01JORDET_01DELINEATION_MONIT01_20180513,EPSG:32633,342990.0,6819120.0,5,6,360720.0,6804270.0,,,,,
EMSR283_01JORDET_01DELINEATION_MONIT02_20180514,EPSG:32633,342990.0,6819120.0,5,6,360720.0,6804270.0,,,,,
EMSR283_02TRYSIL_01DELINEATION_MAP_20180512,EPSG:32633,344430.0,6804630.0,5,6,362160.0,6789870.0,,,,,
EMSR283_02TRYSIL_01DELINEATION_MONIT01_20180513,EPSG:32633,344430.0,6804630.0,5,6,362160.0,6789870.0,,,,,
EMSR283_02TRYSIL_01DELINEATION_MONIT02_20180514,EPSG:32633,344430.0,6804630.0,5,6,362160.0,6789870.0,,,,,
EMSR283_03ELVERUM_01DELINEATION_MAP_20180512,EPSG:32632,632340.0,6761520.0,7,8,654300.0,6743250.0,,,,,
EMSR283_03ELVERUM_01DELINEATION_MONIT01_20180513,EPSG:32632,632340.0,6761520.0,7,8,654300.0,6743250.0,,,,,
EMSR283_03ELVERUM_01DELINEATION_MONIT02_20180514,EPSG:32632,632340.0,6761520.0,7,8,654300.0,6743250.0,,,,,
EMSR283_04BRASKEREIDFOSS_01DELINEATION_MAP_20180512,EPSG:32632,636480.0,6744240.0,7,8,658440.0,6725970.0,,,,,
EMSR283_04BRASKEREIDFOSS_01DELINEATION_MONIT01_20180513,EPSG:32632,636480.0,6744240.0,7,8,658440.0,6725970.0,,,,,
EMSR283_04BRASKEREIDFOSS_01DELINEATION_MONIT02_20180514,EPSG:32632,636480.0,6744240.0,7,8,658440.0,6725970.0,,,,,
EMSR283_05FLISA_01DELINEATION_MAP_20180513,EPSG:32633,328140.0,6725610.0,7,6,345870.0,6706710.0,,,,,
EMSR283_05FLISA_01DELINEATION_MONIT01_20180514,EPSG:32633,328140.0,6725610.0,7,6,345870.0,6706710.0,,,,,
EMSR283_06GRINDER_01DELINEATION_MAP_20180513,EPSG:32633,327330.0,6707610.0,7,6,345060.0,6688530.0,,,,,
EMSR283_06GRINDER_01DELINEATION_MONIT01_20180514,EPSG:32633,327330.0,6707610.0,7,6,345060.0,6688530.0,,,,,
EMSR283_07KONGSVINGER_01DELINEATION_MAP_20180513,EPSG:32633,326520.0,6689430.0,7,6,344250.0,6670440.0,,,,,
EMSR283_07KONGSVINGER_01DELINEATION_MONIT01_20180514,EPSG:32633,326520.0,6689430.0,7,6,344250.0,6670440.0,,,,,
EMSR283_08SKARNES_01DELINEATION_MAP_20180513,EPSG:32632,643860.0,6692040.0,7,6,659610.0,6672510.0,,,,,
EMSR283_08SKARNES_01DELINEATION_MONIT01_20180514,EPSG:32632,643860.0,6692040.0,7,6,659610.0,6672510.0,,,,,
EMSR283_09LILLESTROM_01DELINEATION_MAP_20180512,EPSG:32632,608040.0,6654510.0,6,5,623160.0,6638130.0,,,,,
EMSR283_09LILLESTROM_01DELINEATION_MONIT01_20180513,EPSG:32632,608040.0,6654510.0,6,5,623160.0,6638130.0,,,,,
EMSR283_09LILLESTROM_01DELINEATION_MONIT02_20180514,EPSG:32632,608040.0,6654510.0,6,5,623160.0,6638130.0,,,,,
EMSR283_10OTTA_01DELINEATION_MAP_20180512,EPSG:32632,517050.0,6859260.0,6,6,532890.0,6842070.0,,,,,
EMSR283_10OTTA_01DELINEATION_MONIT01_20180513,EPSG:32632,517050.0,6859260.0,6,6,532890.0,6842070.0,,,,,
EMSR283_10OTTA_01DELINEATION_MONIT02_20180514,EPSG:32632,517050.0,6859260.0,6,6,532890.0,6842070.0,,,,,
EMSR284_01YLITORNIONORTHERN_01DELINEATION_MAP_20180517,EPSG:32634,613980.0,7378830.0,7,6,631710.0,7359840.0,,,,,
EMSR284_01YLITORNIONORTHERN_01DELINEATION_MONIT01_20180518,EPSG:32634,613980.0,7378830.0,7,6,631710.0,7359840.0,,,,,
EMSR284_02YLITORNIOSOUTHERN_01DELINEATION_MAP_20180517,EPSG:32634,615960.0,7360650.0,7,6,633690.0,7341570.0,,,,,
EMSR284_02YLITORNIOSOUTHERN_01DELINEATION_MONIT01_20180518,EPSG:32634,615960.0,7360650.0,7,6,633690.0,7341570.0,,,,,
EMSR284_03KARUNKI_01DELINEATION_MONIT01_20180518,EPSG:32635,359550.0,7336080.0,4,4,371340.0,7323390.0,,,,,
EMSR284_04TORNIONORTHERN_01DELINEATION_MONIT02_20180518,EPSG:32635,363960.0,7323750.0,4,4,375840.0,7310970.0,,,,,
EMSR284_05TORNIOCENTRAL_01DELINEATION_MAP_20180517,EPSG:32635,366750.0,7311330.0,4,4,378630.0,7298550.0,,,,,
EMSR284_05TORNIOCENTRAL_01DELINEATION_MONIT02_20180518,EPSG:32635,366750.0,7311330.0,4,4,378630.0,7298550.0,,,,,
EMSR284_05TORNIOCENTRAL_01DELINEATION_MONIT03_20180519,EPSG:32635,366750.0,7311330.0,4,4,378630.0,7298550.0,,,,,
EMSR287_03ELSTERBERG_01DELINEATION_MAP_20180526,EPSG:32633,297540.0,5610870.0,3,4,308880.0,5601690.0,,,,,
EMSR287_04PLAUEN_01DELINEATION_MAP_20180526,EPSG:32633,290700.0,5602500.0,3,4,302400.0,5593770.0,,,,,
EMSR287_05MAGWITZ_01DELINEATION_MAP_20180526,EPSG:32633,289440.0,5594490.0,3,4,300690.0,5585850.0,,,,,
EMSR287_06MUHLENTAL_01DELINEATION_MAP_20180526,EPSG:32633,297000.0,5586300.0,3,3,306630.0,5577390.0,,,,,
EMSR292_01CHRISOUPOLI_01DELINEATION_MAP_20180629,EPSG:32635,292860.0,4553190.0,11,14,329400.0,4523040.0,,,,,
EMSR292_01CHRISOUPOLI_02GRADING_MAP_20180630,EPSG:32635,292860.0,4553190.0,11,14,329400.0,4523040.0,,,,,
EMSR293_01BOTOSANI_01DELINEATION_MAP_20180702,EPSG:32635,466740.0,5297130.0,9,12,498150.0,5272830.0,,,,,
EMSR293_01BOTOSANI_01DELINEATION_MONIT01_20180703,EPSG:32635,466740.0,5297130.0,9,12,498150.0,5272830.0,,,,,
EMSR293_01BOTOSANI_02GRADING_MAP_20180704,EPSG:32635,466740.0,5297130.0,9,12,498150.0,5272830.0,,,,,
EMSR293_02TROTUS_01DELINEATION_MAP_20180702,EPSG:32635,477990.0,5133690.0,19,18,526050.0,5083020.0,,,,,
EMSR293_02TROTUS_01DELINEATION_MONIT01_20180703,EPSG:32635,477990.0,5133690.0,19,18,526050.0,5083020.0,,,,,
EMSR293_02TROTUS_02GRADING_MAP_20180704,EPSG:32635,477990.0,5133690.0,19,18,526050.0,5083020.0,,,,,
EMSR293_03OZUN_01DELINEATION_MAP_20180702,EPSG:32635,402300.0,5092470.0,11,14,439200.0,5063220.0,,,,,
EMSR293_03OZUN_01DELINEATION_MONIT01_20180703,EPSG:32635,402300.0,5092470.0,11,14,439200.0,5063220.0,,,,,
EMSR293_03OZUN_02GRADING_MAP_20180704,EPSG:32635,391410.0,5092650.0,15,18,439200.0,5052240.0,,,,,
EMSR319_01TAKLISAH_01DELINEATION_MAP_20181001,EPSG:32632,636300.0,4090500.0,8,10,662760.0,4068810.0,,,,,
EMSR319_02MANZILBUZALAFAH_01DELINEATION_MAP_20181001,EPSG:32632,624780.0,4069170.0,8,10,651240.0,4047480.0,,,,,
EMSR319_03KORBA_01DELINEATION_MAP_20181001,EPSG:32632,650700.0,4069620.0,8,10,677250.0,4047750.0,,,,,
EMSR319_04BOUARGOUB_01DELINEATION_MAP_20181001,EPSG:32632,630180.0,4048020.0,6,7,650340.0,4031460.0,,,,,
EMSR319_05SOMAA_01DELINEATION_MAP_20181001,EPSG:32632,649890.0,4048380.0,6,7,670140.0,4031730.0,,,,,
EMSR323_05ARTAOVERVIEW_02GRADING_MAP_20181011,EPSG:32631,521730.0,4399020.0,2,4,532620.0,4393170.0,,,,,
EMSR323_08MANACOR_02GRADING_MAP_20181010,EPSG:32631,516510.0,4382370.0,3,4,528570.0,4372470.0,,,,,
EMSR323_09CANYAMEL_02GRADING_MAP_20181011,EPSG:32631,528210.0,4388130.0,3,3,536400.0,4380390.0,,,,,
EMSR324_01CARCASSONNE_01DELINEATION_MONIT02_20181017,EPSG:32631,440460.0,4799970.0,7,7,460800.0,4779810.0,,,,,
EMSR324_02PUICHERIC_01DELINEATION_MAP_20181016,EPSG:32631,460530.0,4792320.0,7,7,480870.0,4772250.0,,,,,
EMSR324_02PUICHERIC_01DELINEATION_MONIT01_20181017,EPSG:32631,460530.0,4792320.0,7,7,480870.0,4772250.0,,,,,
EMSR324_03MOUSSAN_01DELINEATION_MONIT01_20181016,EPSG:32631,480690.0,4796010.0,7,7,500940.0,4775940.0,,,,,
EMSR324_03MOUSSAN_01DELINEATION_MONIT02_20181017,EPSG:32631,480690.0,4796010.0,7,7,500940.0,4775940.0,,,,,
EMSR324_03MOUSSAN_01DELINEATION_MONIT03_20181018,EPSG:32631,480690.0,4796010.0,7,7,500940.0,4775940.0,,,,,
EMSR324_04LESPIGNAN_01DELINEATION_MAP_20181016,EPSG:32631,500850.0,4795650.0,7,7,521100.0,4775670.0,,,,,
EMSR324_04LESPIGNAN_01DELINEATION_MONIT02_20181017,EPSG:32631,500850.0,4795650.0,7,7,521100.0,4775670.0,,,,,
EMSR324_04LESPIGNAN_01DELINEATION_MONIT03_20181018,EPSG:32631,500850.0,4795650.0,7,7,521100.0,4775670.0,,,,,
EMSR324_05VILLALIER_02GRADING_MAP_20181016,EPSG:32631,446670.0,4793310.0,2,2,454050.0,4787910.0,,,,,
EMSR324_05VILLALIER_02GRADING_MONIT01_20181021,EPSG:32631,446670.0,4793310.0,2,2,454050.0,4787910.0,,,,,
EMSR324_06TREBES_02GRADING_MAP_20181021,EPSG:32631,450270.0,4788000.0,2,2,457560.0,4781970.0,,,,,
EMSR324_07CUXAC_02GRADING_MAP_20181020,EPSG:32631,495180.0,4791600.0,2,2,502470.0,4785840.0,,,,,
EMSR324_08COURSAN_02GRADING_MAP_20181020,EPSG:32631,502290.0,4788630.0,2,2,509760.0,4782600.0,,,,,
EMSR326_01MORONDELAFRONTERA_01DELINEATION_MAP_20181022,EPSG:32630,264420.0,4136220.0,20,24,326340.0,4084560.0,,,,,
EMSR326_02ANTEQUERA_01DELINEATION_MAP_20181022,EPSG:32630,325080.0,4134780.0,20,24,386820.0,4083210.0,,,,,
EMSR326_02ANTEQUERA_01DELINEATION_MONIT01_20181023,EPSG:32630,325080.0,4134780.0,20,24,386820.0,4083210.0,,,,,
EMSR326_03RONDA_01DELINEATION_MAP_20181022,EPSG:32630,262980.0,4086360.0,20,24,325440.0,4033710.0,,,,,
EMSR326_03RONDA_01DELINEATION_MONIT01_20181023,EPSG:32630,262980.0,4086360.0,20,24,325440.0,4033710.0,,,,,
EMSR326_04MALAGA_01DELINEATION_MAP_20181022,EPSG:32630,324180.0,4084650.0,20,24,386190.0,4032720.0,,,,,
EMSR326_04MALAGA_01DELINEATION_MONIT01_20181023,EPSG:32630,324180.0,4084650.0,20,24,386190.0,4032720.0,,,,,
EMSR327_01ECIJA_01DELINEATION_MAP_20181024,EPSG:32630,314460.0,4159890.0,2,1,319320.0,4154670.0,,,,,
EMSR329_02MACCHIAREDDU_02GRADING_MAP_20181015,EPSG:32632,495090.0,4349430.0,3,4,505890.0,4340610.0,,,,,
EMSR329_03CAPOTERRA_02GRADING_MAP_20181015,EPSG:32632,495090.0,4340700.0,3,4,505890.0,4331520.0,,,,,
EMSR329_04SANVITO_02GRADING_MAP_20181025,EPSG:32632,543600.0,4366890.0,3,4,554490.0,4357980.0,,,,,
EMSR329_05CASTIADAS_02GRADING_MAP_20181025,EPSG:32632,542070.0,4351860.0,3,3,551430.0,4341780.0,,,,,
EMSR330_01PIAZZAARMERINA_01DELINEATION_MONIT01_20181026,EPSG:32633,435960.0,4146390.0,8,10,461880.0,4124880.0,,,,,
EMSR330_02PALAGONIA_01DELINEATION_MAP_20181019,EPSG:32633,461610.0,4146300.0,8,9,486810.0,4124970.0,,,,,
EMSR330_02PALAGONIA_01DELINEATION_MONIT01_20181026,EPSG:32633,461610.0,4146300.0,8,9,486810.0,4124970.0,,,,,
EMSR330_03LENTINI_01DELINEATION_MAP_20181019,EPSG:32633,486540.0,4139280.0,9,10,512910.0,4115970.0,,,,,
EMSR330_03LENTINI_01DELINEATION_MONIT01_20181026,EPSG:32633,486540.0,4139280.0,9,10,512910.0,4115970.0,,,,,
EMSR330_05LENTINIDETAIL_02GRADING_MAP_20181026,EPSG:32633,496260.0,4130190.0,2,3,504360.0,4123620.0,,,,,
EMSR330_06RAMACCA_02GRADING_MAP_20181026,EPSG:32633,469170.0,4140360.0,2,2,476640.0,4135230.0,,,,,
EMSR332_01VERONA_01DELINEATION_MONIT01_20181103,EPSG:32632,641610.0,5050530.0,17,21,696780.0,5005440.0,,,,,
EMSR332_02PADOVA_01DELINEATION_MONIT01_20181103,EPSG:32632,695340.0,5052420.0,17,21,750870.0,5006880.0,,,,,
EMSR332_04BASSANODELGRAPPA_01DELINEATION_MAP_20181102,EPSG:32632,693990.0,5095980.0,17,21,749160.0,5050440.0,,,,,
EMSR332_04BASSANODELGRAPPA_01DELINEATION_MONIT01_20181103,EPSG:32632,693990.0,5095980.0,17,21,749160.0,5050440.0,,,,,
EMSR332_08PORDENONE_01DELINEATION_MAP_20181102,EPSG:32633,281970.0,5126040.0,19,17,326970.0,5077350.0,,,,,
EMSR332_08PORDENONE_01DELINEATION_MONIT01_20181103,EPSG:32633,281970.0,5126040.0,19,17,326970.0,5077350.0,,,,,
EMSR332_09VENEZIA_01DELINEATION_MAP_20181102,EPSG:32633,280260.0,5078790.0,18,17,325620.0,5030190.0,,,,,
EMSR332_09VENEZIA_01DELINEATION_MONIT01_20181103,EPSG:32633,280260.0,5078790.0,18,17,325620.0,5030190.0,,,,,
EMSR333_01RATTALORO_01DELINEATION_MAP_20181103,EPSG:32633,275670.0,4202370.0,4,6,291150.0,4189590.0,,,,,
EMSR333_01RATTALORO_01DELINEATION_MONIT01_20181104,EPSG:32633,275670.0,4202370.0,4,6,291150.0,4189590.0,,,,,
EMSR333_02PORTOPALO_01DELINEATION_MAP_20181103,EPSG:32633,309870.0,4174560.0,5,6,325350.0,4159890.0,,,,,
EMSR333_02PORTOPALO_01DELINEATION_MONIT01_20181104,EPSG:32633,309870.0,4174560.0,5,6,325350.0,4159890.0,,,,,
EMSR333_03SCIACCA_01DELINEATION_MAP_20181103,EPSG:32633,324720.0,4165290.0,5,5,338490.0,4150980.0,,,,,
EMSR333_03SCIACCA_01DELINEATION_MONIT01_20181106,EPSG:32633,324720.0,4165290.0,5,5,338490.0,4150980.0,,,,,
EMSR333_04RIBERA_01DELINEATION_MAP_20181106,EPSG:32633,338040.0,4158630.0,5,5,351720.0,4144320.0,,,,,
EMSR333_05BIVONA_01DELINEATION_MAP_20181108,EPSG:32633,351540.0,4172850.0,5,5,365400.0,4158000.0,,,,,
EMSR333_06CIANCIANA_01DELINEATION_MAP_20181104,EPSG:32633,351360.0,4157910.0,5,5,364860.0,4143420.0,,,,,
EMSR333_07MONTALLEGRO_01DELINEATION_MAP_20181104,EPSG:32633,343440.0,4143870.0,4,5,357660.0,4132080.0,,,,,
EMSR333_12BAGHERIA_01DELINEATION_MAP_20181104,EPSG:32633,365490.0,4220280.0,3,3,374040.0,4210920.0,,,,,
EMSR333_12BAGHERIA_01DELINEATION_MONIT01_20181106,EPSG:32633,365490.0,4220280.0,3,3,374040.0,4210920.0,,,,,
EMSR333_13TORRECOLONNASPERONE_01DELINEATION_MAP_20181104,EPSG:32633,370710.0,4211100.0,3,3,378720.0,4202460.0,,,,,
EMSR333_13TORRECOLONNASPERONE_01DELINEATION_MONIT01_20181106,EPSG:32633,370710.0,4211100.0,3,3,378720.0,4202460.0,,,,,
EMSR337_01ALFEIOSWEST_01DELINEATION_MAP_20190116,EPSG:32634,535140.0,4170510.0,9,11,564660.0,4146300.0,,,,,
EMSR337_02ALFEIOSEAST_01DELINEATION_MAP_20190115,EPSG:32634,564390.0,4168530.0,5,7,582840.0,4153320.0,,,,,
EMSR342_01TOWNSVILLE_01DELINEATION_MAP_20190202,EPSG:32755,456570.0,7880760.0,12,11,486810.0,7848180.0,,,,,
EMSR342_01TOWNSVILLE_01DELINEATION_MONIT01_20190204,EPSG:32755,456570.0,7880760.0,12,11,486810.0,7848180.0,,,,,
EMSR342_01TOWNSVILLE_01DELINEATION_MONIT02_20190206,EPSG:32755,456570.0,7880760.0,12,11,486810.0,7848180.0,,,,,
EMSR342_02BLUEWATER_01DELINEATION_MAP_20190205,EPSG:32755,436860.0,7885800.0,7,9,460170.0,7866720.0,,,,,
EMSR342_03CLONCURRY_01DELINEATION_MAP_20190208,EPSG:32754,428310.0,7725780.0,12,15,468090.0,7693380.0,,,,,
EMSR342_03CLONCURRY_01DELINEATION_MONIT01_20190209,EPSG:32754,428310.0,7725780.0,12,15,468090.0,7693380.0,,,,,
EMSR342_03CLONCURRY_01DELINEATION_MONIT02_20190211,EPSG:32754,428310.0,7725780.0,12,15,468090.0,7693380.0,,,,,
EMSR342_04JULIACREEK_01DELINEATION_MAP_20190209,EPSG:32754,558720.0,7731270.0,12,15,597510.0,7699590.0,,,,,
EMSR342_04JULIACREEK_01DELINEATION_MONIT01_20190210,EPSG:32754,558720.0,7731270.0,12,15,597510.0,7699590.0,,,,,
EMSR342_05RICHMOND_01DELINEATION_MAP_20190209,EPSG:32754,703080.0,7721460.0,12,14,741150.0,7690320.0,,,,,
EMSR342_05RICHMOND_01DELINEATION_MONIT01_20190210,EPSG:32754,703080.0,7721460.0,12,14,741150.0,7690320.0,,,,,
EMSR342_06NORTHNORMANTON_01DELINEATION_MAP_20190209,EPSG:32754,464940.0,8071650.0,22,21,519210.0,8014230.0,,,,,
EMSR342_06NORTHNORMANTON_01DELINEATION_MONIT01_20190213,EPSG:32754,464940.0,8071650.0,22,21,519210.0,8014230.0,,,,,
EMSR342_06NORTHNORMANTON_01DELINEATION_MONIT02_20190216,EPSG:32754,464940.0,8071650.0,22,21,519210.0,8014230.0,,,,,
EMSR342_07SOUTHNORMANTON_01DELINEATION_MAP_20190209,EPSG:32754,464490.0,8014320.0,21,21,519390.0,7958430.0,,,,,
EMSR342_07SOUTHNORMANTON_01DELINEATION_MONIT01_20190213,EPSG:32754,464490.0,8014320.0,21,21,519390.0,7958430.0,,,,,
EMSR342_07SOUTHNORMANTON_01DELINEATION_MONIT02_20190214,EPSG:32754,464490.0,8014320.0,21,21,519390.0,7958430.0,,,,,
EMSR342_07SOUTHNORMANTON_01DELINEATION_MONIT03_20190216,EPSG:32754,464490.0,8014320.0,21,21,519390.0,7958430.0,,,,,
EMSR349_02MURAMBINDANORTHEAST_02GRADING_MAP_20190322,EPSG:32736,350190.0,7879410.0,4,5,365130.0,7866630.0,,,,,
EMSR349_02MURAMBINDANORTHEAST_02GRADING_MONIT01_20190326,EPSG:32736,350190.0,7879410.0,4,5,365130.0,7866630.0,,,,,
EMSR349_03MURAMBINDASOUTHWEST_02GRADING_MAP_20190322,EPSG:32736,338490.0,7866720.0,5,5,351630.0,7853220.0,,,,,
EMSR349_04MURAMBINDASOUTHEAST_02GRADING_MAP_20190322,EPSG:32736,351450.0,7866810.0,5,4,363780.0,7853400.0,,,,,
EMSR349_06RUSITUVALLEYSOUTHWEST_02GRADING_MAP_20190326,EPSG:32736,457110.0,7791840.0,4,4,468900.0,7779510.0,,,,,
EMSR349_08CHIPINGE_02GRADING_MAP_20190326,EPSG:32736,456120.0,7771860.0,4,4,466470.0,7760970.0,,,,,
EMSR352_AOI03_GRA_PRODUCT_20190411,EPSG:32639,251370.0,3588120.0,3,3,260730.0,3579570.0,,,,,
EMSR352_AOI04_GRA_PRODUCT_20190411,EPSG:32639,292950.0,3550590.0,2,3,301140.0,3543120.0,,,,,
EMSR352_AOI05_GRA_PRODUCT_20190413,EPSG:32639,229950.0,3497310.0,2,2,236880.0,3492180.0,,,,,
EMSR352_AOI06_GRA_PRODUCT_20190325,EPSG:32639,253890.0,3487770.0,2,2,261450.0,3481560.0,,,,,
EMSR352_AOI07_GRA_PRODUCT_20190411,EPSG:32639,284490.0,3489300.0,5,7,302850.0,3476160.0,,,,,
EMSR352_AOI08_GRA_PRODUCT_20190411,EPSG:32639,266940.0,3476970.0,7,10,293490.0,3457980.0,,,,,
EMSR352_AOI09_GRA_PRODUCT_20190325,EPSG:32639,221130.0,3377340.0,9,11,249750.0,3352590.0,,,,,
EMSR352_AOI10_GRA_PRODUCT_20190414,EPSG:32639,309870.0,3389220.0,9,9,333090.0,3366000.0,,,,,
EMSR352_AOI11_GRA_PRODUCT_20190411,EPSG:32639,223920.0,3593790.0,8,6,241290.0,3571560.0,,,,,
EMSR352_AOI12_GRA_PRODUCT_20190325,EPSG:32639,232110.0,3571920.0,9,7,251640.0,3548790.0,,,,,
EMSR352_AOI13_GRA_PRODUCT_20190413,EPSG:32639,238320.0,3537180.0,4,5,251280.0,3525210.0,,,,,
EMSR358_AOI01_FEP_PRODUCT_20190514,EPSG:32633,629910.0,4968000.0,6,2,635400.0,4952520.0,,,,,
EMSR358_AOI03_DEL_PRODUCT_20190516,EPSG:32633,605700.0,5016870.0,19,19,656190.0,4966110.0,,,,,
EMSR358_AOI03_FEP_PRODUCT_20190515,EPSG:32633,605700.0,5016870.0,19,19,656190.0,4966110.0,,,,,
EMSR358_AOI04_DEL_MONIT01_20190517,EPSG:32633,687780.0,5002920.0,7,7,708030.0,4983390.0,,,,,
EMSR358_AOI04_DEL_PRODUCT_20190516,EPSG:32633,687780.0,5002920.0,7,7,708030.0,4983390.0,,,,,
EMSR358_AOI04_FEP_PRODUCT_20190514,EPSG:32633,687780.0,5002920.0,7,7,708030.0,4983390.0,,,,,
EMSR358_AOI05_DEL_PRODUCT_20190514,EPSG:32634,279540.0,5002920.0,9,19,328230.0,4979880.0,,,,,
EMSR358_AOI05_FEP_PRODUCT_20190516,EPSG:32634,279540.0,5002920.0,9,19,328230.0,4979880.0,,,,,
EMSR359_AOI01_FEP_PRODUCT_20190513,EPSG:32633,226260.0,4922280.0,18,33,312390.0,4874580.0,,,,,
EMSR359_AOI02_DEL_PRODUCT_20190513,EPSG:32632,640530.0,4953690.0,5,7,660330.0,4938660.0,,,,,
EMSR359_AOI02_FEP_PRODUCT_20190512,EPSG:32632,640530.0,4953690.0,5,7,660330.0,4938660.0,,,,,
EMSR388_AOI01_DEL_MONIT01_20190916,EPSG:32630,659970.0,4315410.0,18,33,745560.0,4268520.0,,,,,
EMSR388_AOI01_DEL_PRODUCT_20190913,EPSG:32630,659790.0,4315320.0,18,33,745290.0,4268520.0,,,,,
EMSR388_AOI01_FEP_PRODUCT_20190912,EPSG:32630,659790.0,4315320.0,18,33,745290.0,4268520.0,,,,,
EMSR388_AOI02_DEL_MONIT01_20190916,EPSG:32630,625590.0,4241700.0,17,33,710100.0,4197240.0,,,,,
EMSR388_AOI02_DEL_MONIT02_20190922,EPSG:32630,693540.0,4229730.0,4,4,705870.0,4219020.0,,,,,
EMSR388_AOI02_DEL_PRODUCT_20190914,EPSG:32630,625590.0,4241700.0,17,33,710100.0,4197240.0,,,,,
EMSR388_AOI03_GRA_PRODUCT_20190918,EPSG:32630,651240.0,4217310.0,2,3,660780.0,4210920.0,,,,,
EMSR388_AOI05_GRA_PRODUCT_20190918,EPSG:32630,668160.0,4216680.0,3,3,678060.0,4208760.0,,,,,
EMSR388_AOI06_GRA_PRODUCT_20190918,EPSG:32630,677250.0,4220460.0,2,3,685800.0,4212990.0,,,,,
EMSR388_AOI07_GRA_PRODUCT_20190918,EPSG:32630,691470.0,4225860.0,3,4,702180.0,4216770.0,,,,,
EMSR388_AOI08_GRA_PRODUCT_20190918,EPSG:32630,684540.0,4183290.0,2,2,692100.0,4175910.0,,,,,
EMSR388_AOI09_DEL_PRODUCT_20190913,EPSG:32630,669240.0,4191300.0,5,7,689490.0,4176450.0,,,,,
EMSR392_AOI01_DEL_MONIT02_20190930,EPSG:32648,580950.0,1113930.0,3,2,587790.0,1104210.0,,,,,
EMSR392_AOI01_DEL_MONIT03_20191004,EPSG:32648,580950.0,1113930.0,3,2,587790.0,1104210.0,,,,,
EMSR397_AOI01_DEL_MONIT01_20191025,EPSG:32631,301680.0,4614210.0,7,12,333990.0,4596030.0,,,,,
EMSR397_AOI01_DEL_PRODUCT_20191023,EPSG:32631,270180.0,4639410.0,23,38,369450.0,4578660.0,,,,,
EMSR397_AOI07_DEL_PRODUCT_20191025,EPSG:32631,325440.0,4592970.0,18,11,355320.0,4546350.0,,,,,
EMSR399_AOI01_DEL_PRODUCT_20191027,EPSG:32648,575010.0,1116540.0,5,5,590040.0,1101780.0,,,,,
EMSR404_AOI01_FEP_PRODUCT_20191103,EPSG:32638,519030.0,527220.0,2,3,527670.0,520110.0,,,,,
EMSR407_AOI01_DEL_PRODUCT_20191114,EPSG:32630,598680.0,5961690.0,13,17,644130.0,5925960.0,,,,,
EMSR407_AOI02_DEL_PRODUCT_20191114,EPSG:32630,653940.0,5910840.0,17,20,706590.0,5865930.0,,,,,
EMSR410_AOI01_DEL_MONIT01_20191125,EPSG:32638,288000.0,1285830.0,4,5,301950.0,1275570.0,,,,,
EMSR410_AOI01_DEL_PRODUCT_20191122,EPSG:32638,288000.0,1285830.0,4,5,301950.0,1275570.0,,,,,
EMSR410_AOI01_GRA_MONIT01_20191127,EPSG:32638,288000.0,1285830.0,4,5,301950.0,1275570.0,,,,,
EMSR410_AOI01_GRA_PRODUCT_20191126,EPSG:32638,288000.0,1285830.0,4,5,301950.0,1275570.0,,,,,
EMSR410_AOI02_GRA_PRODUCT_20191126,EPSG:32638,265950.0,1306080.0,1,2,271980.0,1302840.0,,,,,
EMSR411_AOI01_DEL_PRODUCT_20191125,EPSG:32632,297900.0,4824810.0,7,8,318600.0,4804380.0,,,,,
EMSR411_AOI01_FEP_PRODUCT_20191124,EPSG:32632,297900.0,4824810.0,7,8,318600.0,4804380.0,,,,,
EMSR411_AOI01_GRA_PRODUCT_20191126,EPSG:32632,297900.0,4824810.0,7,8,318600.0,4804380.0,,,,,
EMSR413_AOI01_FEP_PRODUCT_20191125,EPSG:32634,684090.0,4210740.0,5,11,713160.0,4197420.0,,,,,
EMSR413_AOI03_GRA_PRODUCT_20191127,EPSG:32634,704070.0,4210740.0,2,3,712980.0,4204620.0,,,,,
EMSR414_AOI02_DEL_PRODUCT_20191119,EPSG:32633,401490.0,5178420.0,6,6,418230.0,5162130.0,,,,,
EMSR416_AOI01_DEL_PRODUCT_20191215,EPSG:32630,637290.0,4835610.0,12,16,678330.0,4803210.0,,,,,
EMSR416_AOI01_FEP_PRODUCT_20191214,EPSG:32630,637290.0,4835610.0,12,16,678330.0,4803210.0,,,,,
EMSR416_AOI02_DEL_MONIT01_20191216,EPSG:32630,643410.0,4859550.0,10,14,679410.0,4831650.0,,,,,
EMSR416_AOI02_DEL_MONIT02_20191217,EPSG:32630,643410.0,4859550.0,10,14,679410.0,4831650.0,,,,,
EMSR416_AOI02_DEL_PRODUCT_20191215,EPSG:32630,643410.0,4859550.0,10,14,679410.0,4831650.0,,,,,
EMSR417_AOI01_DEL_PRODUCT_20191223,EPSG:32629,509760.0,4459950.0,11,20,561960.0,4430520.0,,,,,
EMSR419_AOI01_DEL_MONIT01_20200113,EPSG:32640,571320.0,2856510.0,8,8,593370.0,2833650.0,,,,,
EMSR419_AOI01_DEL_PRODUCT_20200111,EPSG:32640,571320.0,2856510.0,8,8,593370.0,2833650.0,,,,,
EMSR419_AOI01_GRA_PRODUCT_20200116,EPSG:32640,575910.0,2844360.0,3,4,588690.0,2835180.0,,,,,
EMSR419_AOI02_DEL_PRODUCT_20200112,EPSG:32640,759150.0,2945520.0,2,3,768330.0,2938680.0,,,,,
EMSR419_AOI03_DEL_PRODUCT_20200113,EPSG:32641,212850.0,2911410.0,5,8,233550.0,2897370.0,,,,,
EMSR419_AOI04_DEL_PRODUCT_20200113,EPSG:32641,222840.0,2819790.0,9,10,250920.0,2795940.0,,,,,
EMSR419_AOI04_GRA_PRODUCT_20200116,EPSG:32641,227430.0,2819160.0,6,8,248040.0,2802870.0,,,,,
EMSR419_AOI05_DEL_PRODUCT_20200113,EPSG:32641,253350.0,2814930.0,8,10,281340.0,2792880.0,,,,,
EMSR419_AOI06_DEL_PRODUCT_20200113,EPSG:32640,639450.0,3080520.0,20,51,772470.0,3027240.0,,,,,
EMSR421_AOI01_DEL_PRODUCT_20200123,EPSG:32631,379620.0,4796550.0,8,8,400590.0,4775850.0,,,,,
EMSR421_AOI02_DEL_PRODUCT_20200123,EPSG:32631,379260.0,4776210.0,8,8,400410.0,4755510.0,,,,,
EMSR421_AOI03_DEL_PRODUCT_20200123,EPSG:32631,399960.0,4778280.0,8,8,420930.0,4757580.0,,,,,
EMSR421_AOI04_DEL_PRODUCT_20200123,EPSG:32631,462600.0,4742550.0,8,8,483480.0,4721940.0,,,,,
EMSR421_AOI05_DEL_PRODUCT_20200123,EPSG:32631,483390.0,4740930.0,8,8,504180.0,4720320.0,,,,,
EMSR422_AOI01_DEL_PRODUCT_20200124,EPSG:32631,445680.0,4661460.0,24,29,521820.0,4599360.0,,,,,
EMSR422_AOI01_FEP_PRODUCT_20200123,EPSG:32631,445680.0,4661460.0,24,29,521820.0,4599360.0,,,,,
EMSR422_AOI02_GRA_PRODUCT_20200124,EPSG:32631,480240.0,4659840.0,7,14,517230.0,4640760.0,,,,,
EMSR422_AOI05_DEL_PRODUCT_20200126,EPSG:32630,728640.0,4367790.0,10,4,740430.0,4340790.0,,,,,
EMSR422_AOI06_DEL_PRODUCT_20200126,EPSG:32630,737460.0,4426830.0,13,8,758610.0,4392630.0,,,,,
EMSR422_AOI07_DEL_PRODUCT_20200126,EPSG:32631,292410.0,4523760.0,12,11,321120.0,4490910.0,,,,,
EMSR424_AOI02_DEL_MONIT01_20200205,EPSG:32739,191520.0,8090730.0,30,26,259110.0,8013060.0,,,,,
EMSR424_AOI02_DEL_MONIT02_20200207,EPSG:32739,194940.0,8102520.0,34,23,256050.0,8013780.0,,,,,
EMSR424_AOI02_DEL_PRODUCT_20200131,EPSG:32739,191520.0,8090730.0,30,26,259110.0,8013060.0,,,,,
EMSR424_AOI02_FEP_PRODUCT_20200129,EPSG:32739,191520.0,8090730.0,30,26,259110.0,8013060.0,,,,,
EMSR424_AOI03_DEL_PRODUCT_20200208,EPSG:32738,646830.0,8232210.0,27,22,705600.0,8161020.0,,,,,
EMSR424_AOI04_DEL_PRODUCT_20200208,EPSG:32738,682200.0,8138700.0,10,7,702090.0,8112780.0,,,,,
EMSR424_AOI05_DEL_PRODUCT_20200208,EPSG:32738,773190.0,8247600.0,14,7,791460.0,8211600.0,,,,,
EMSR427_AOI02_DEL_MONIT01_20200221,EPSG:32633,346410.0,6423660.0,48,31,428220.0,6300630.0,,,,,
EMSR427_AOI02_DEL_MONIT02_20200222,EPSG:32633,346410.0,6423660.0,48,31,428220.0,6300630.0,,,,,
EMSR427_AOI02_DEL_MONIT03_20200228,EPSG:32633,346410.0,6423660.0,48,31,428220.0,6300630.0,,,,,
EMSR427_AOI02_DEL_PRODUCT_20200219,EPSG:32633,324630.0,6424380.0,58,42,433260.0,6275070.0,,,,,
EMSR427_AOI03_DEL_MONIT01_20200221,EPSG:32633,383940.0,6520410.0,39,30,461520.0,6419700.0,,,,,
EMSR427_AOI03_DEL_MONIT02_20200222,EPSG:32633,383940.0,6520410.0,39,30,461520.0,6419700.0,,,,,
EMSR427_AOI03_DEL_MONIT03_20200228,EPSG:32633,383940.0,6520410.0,39,30,461520.0,6419700.0,,,,,
EMSR427_AOI03_DEL_PRODUCT_20200219,EPSG:32633,375120.0,6520680.0,39,33,461520.0,6419700.0,,,,,
EMSR427_AOI04_DEL_MONIT01_20200221,EPSG:32633,312120.0,6464340.0,35,22,370440.0,6373800.0,,,,,
EMSR427_AOI04_DEL_MONIT02_20200222,EPSG:32633,312120.0,6464340.0,35,22,370440.0,6373800.0,,,,,
EMSR427_AOI04_DEL_MONIT03_20200228,EPSG:32633,312120.0,6464340.0,35,22,370440.0,6373800.0,,,,,
EMSR427_AOI04_DEL_PRODUCT_20200220,EPSG:32633,311490.0,6477930.0,45,24,373680.0,6361110.0,,,,,
EMSR427_AOI05_DEL_MONIT01_20200222,EPSG:32633,367830.0,6399990.0,59,39,469530.0,6248250.0,,,,,
EMSR427_AOI05_DEL_MONIT02_20200227,EPSG:32633,367830.0,6399990.0,59,39,469530.0,6248250.0,,,,,
EMSR427_AOI05_DEL_PRODUCT_20200220,EPSG:32633,367830.0,6351660.0,40,34,457380.0,6248340.0,,,,,
EMSR427_AOI06_DEL_MONIT01_20200227,EPSG:32633,454860.0,6335190.0,43,28,527580.0,6224670.0,,,,,
EMSR427_AOI06_DEL_PRODUCT_20200222,EPSG:32633,454860.0,6335190.0,43,28,527580.0,6224670.0,,,,,
EMSR427_AOI07_DEL_MONIT01_20200228,EPSG:32633,414630.0,6277860.0,39,20,466470.0,6176250.0,,,,,
EMSR427_AOI07_DEL_PRODUCT_20200225,EPSG:32633,414630.0,6277860.0,39,20,466470.0,6176250.0,,,,,
EMSR427_AOI08_DEL_PRODUCT_20200228,EPSG:32633,334800.0,6601410.0,55,46,452970.0,6460020.0,,,,,
EMSR427_AOI09_DEL_MONIT01_20200304,EPSG:32633,493200.0,6388830.0,23,39,595080.0,6327720.0,,,,,
EMSR427_AOI09_DEL_PRODUCT_20200301,EPSG:32633,493020.0,6388920.0,23,39,594810.0,6327810.0,,,,,
EMSR427_AOI10_DEL_MONIT01_20200307,EPSG:32633,439380.0,6314130.0,20,9,464040.0,6261300.0,,,,,
EMSR427_AOI10_DEL_PRODUCT_20200228,EPSG:32633,439380.0,6314130.0,20,9,464040.0,6261300.0,,,,,
EMSR427_AOI11_DEL_MONIT01_20200303,EPSG:32633,476280.0,6255990.0,12,9,500940.0,6223320.0,,,,,
EMSR427_AOI12_DEL_MONIT01_20200303,EPSG:32633,525690.0,6257970.0,13,4,536130.0,6224670.0,,,,,
EMSR429_AOI01_DEL_MONIT01_20200225,EPSG:32629,495540.0,5866830.0,7,4,506700.0,5848470.0,,,,,
EMSR429_AOI01_DEL_PRODUCT_20200223,EPSG:32629,495540.0,5866830.0,7,4,506700.0,5848470.0,,,,,
EMSR429_AOI02_DEL_MONIT01_20200225,EPSG:32629,522990.0,5846130.0,4,5,536220.0,5833800.0,,,,,
EMSR429_AOI02_DEL_MONIT02_20200226,EPSG:32629,522990.0,5846130.0,4,5,536220.0,5833800.0,,,,,
EMSR429_AOI02_DEL_PRODUCT_20200223,EPSG:32629,522990.0,5846130.0,4,5,536220.0,5833800.0,,,,,
EMSR429_AOI03_DEL_PRODUCT_20200226,EPSG:32629,460080.0,6007590.0,20,22,518220.0,5955660.0,,,,,
EMSR429_AOI04_DEL_PRODUCT_20200226,EPSG:32629,539640.0,6006330.0,14,13,573120.0,5968350.0,,,,,
EMSR429_AOI05_DEL_PRODUCT_20200226,EPSG:32629,566820.0,6010380.0,13,29,643590.0,5974830.0,,,,,
EMSR429_AOI06_DEL_PRODUCT_20200226,EPSG:32629,469530.0,5933430.0,44,37,565380.0,5820030.0,,,,,
EMSR429_AOI07_DEL_PRODUCT_20200226,EPSG:32629,529290.0,5972220.0,37,31,609660.0,5876460.0,,,,,
EMSR429_AOI08_DEL_PRODUCT_20200302,EPSG:32629,477900.0,5957550.0,11,8,500310.0,5927850.0,,,,,
EMSR429_AOI09_DEL_MONIT01_20200304,EPSG:32629,527490.0,5940990.0,1,1,532260.0,5936130.0,,,,,
EMSR429_AOI09_DEL_PRODUCT_20200303,EPSG:32629,527490.0,5940990.0,1,1,532260.0,5936130.0,,,,,
EMSR431_AOI01_FEP_PRODUCT_20200226,EPSG:32639,309150.0,3720690.0,13,29,384660.0,3685950.0,,,,,
EMSR431_AOI03_FEP_PRODUCT_20200226,EPSG:32639,214110.0,3718980.0,8,17,257760.0,3697290.0,,,,,
EMSR431_AOI04_FEP_PRODUCT_20200226,EPSG:32638,769770.0,3779640.0,4,3,779490.0,3769290.0,,,,,
EMSR431_AOI05_FEP_PRODUCT_20200226,EPSG:32638,746370.0,3698730.0,11,12,778140.0,3668490.0,,,,,
EMSR431_AOI06_GRA_PRODUCT_20200227,EPSG:32639,215640.0,3718530.0,4,4,227070.0,3707640.0,,,,,
EMSR431_AOI07_GRA_PRODUCT_20200227,EPSG:32638,773820.0,3698820.0,1,1,777330.0,3695400.0,,,,,
EMSR431_AOI08_GRA_PRODUCT_20200227,EPSG:32638,743760.0,3675420.0,4,5,758520.0,3662730.0,,,,,
EMSR437_AOI01_DEL_MONIT01_20200513,EPSG:32630,633510.0,4838580.0,8,8,654480.0,4817880.0,,,,,
EMSR437_AOI01_DEL_PRODUCT_20200512,EPSG:32630,633510.0,4838580.0,8,8,654480.0,4817880.0,,,,,
EMSR437_AOI02_DEL_MONIT01_20200513,EPSG:32630,648540.0,4854060.0,8,8,669510.0,4833360.0,,,,,
EMSR437_AOI02_DEL_PRODUCT_20200512,EPSG:32630,648540.0,4854060.0,8,8,669510.0,4833360.0,,,,,
EMSR437_AOI03_DEL_MONIT01_20200513,EPSG:32630,668340.0,4863870.0,8,8,689310.0,4843080.0,,,,,
EMSR437_AOI03_DEL_PRODUCT_20200512,EPSG:32630,668340.0,4863870.0,8,8,689310.0,4843080.0,,,,,
EMSR437_AOI04_DEL_MONIT01_20200513,EPSG:32630,685260.0,4867290.0,10,8,706500.0,4840110.0,,,,,
EMSR437_AOI04_DEL_PRODUCT_20200512,EPSG:32630,685260.0,4867290.0,10,8,706500.0,4840110.0,,,,,
EMSR437_AOI05_DEL_PRODUCT_20200512,EPSG:32630,705420.0,4858470.0,8,8,726480.0,4837590.0,,,,,
EMSR437_AOI06_DEL_MONIT01_20200513,EPSG:32630,701820.0,4882500.0,8,8,722880.0,4861710.0,,,,,
EMSR437_AOI06_DEL_PRODUCT_20200512,EPSG:32630,701820.0,4882500.0,8,8,722880.0,4861710.0,,,,,
EMSR437_AOI07_DEL_PRODUCT_20200513,EPSG:32630,720180.0,4880880.0,8,8,741240.0,4860090.0,,,,,
EMSR437_AOI08_DEL_MONIT01_20200513,EPSG:32630,669060.0,4843890.0,6,8,691650.0,4828140.0,,,,,
EMSR437_AOI08_DEL_PRODUCT_20200512,EPSG:32630,669060.0,4843890.0,6,8,691650.0,4828140.0,,,,,
EMSR438_AOI01_DEL_MONIT01_20200520,EPSG:32636,394470.0,193410.0,26,43,506340.0,126450.0,,,,,
EMSR438_AOI01_DEL_MONIT02_20200429,EPSG:32636,395910.0,192960.0,25,42,504450.0,126450.0,,,,,
EMSR438_AOI01_DEL_MONIT03_20200503,EPSG:32636,395910.0,192960.0,25,42,504450.0,126450.0,,,,,
EMSR438_AOI01_DEL_PRODUCT_20200515,EPSG:32636,394470.0,193410.0,26,43,506340.0,126450.0,,,,,
EMSR438_AOI02_DEL_MONIT01_20200520,EPSG:32636,424350.0,138960.0,54,48,548370.0,-1710.0,,,,,
EMSR438_AOI02_DEL_MONIT02_20200429,EPSG:32636,424350.0,37170.0,15,23,483390.0,-1710.0,,,,,
EMSR438_AOI02_DEL_MONIT03_20200508,EPSG:32636,424350.0,37170.0,15,23,483390.0,-1710.0,,,,,
EMSR438_AOI02_DEL_PRODUCT_20200514,EPSG:32636,424350.0,138960.0,54,48,548370.0,-1710.0,,,,,
EMSR438_AOI03_DEL_MONIT01_20200508,EPSG:32636,489870.0,138960.0,8,6,505980.0,117540.0,,,,,
EMSR438_AOI04_DEL_PRODUCT_20200511,EPSG:32736,687510.0,9994140.0,5,6,702900.0,9980910.0,,,,,
EMSR438_AOI05_DEL_PRODUCT_20200511,EPSG:32736,581310.0,9838170.0,3,7,599940.0,9828270.0,,,,,
EMSR438_AOI06_DEL_PRODUCT_20200506,EPSG:32736,543420.0,9803340.0,3,7,563760.0,9794520.0,,,,,
EMSR438_AOI07_DEL_PRODUCT_20200519,EPSG:32736,483480.0,9737730.0,11,5,498510.0,9707940.0,,,,,
EMSR441_AOI02_DEL_MONIT01_20200604,EPSG:32634,606510.0,7545510.0,4,4,616860.0,7535160.0,,,,,
EMSR441_AOI02_DEL_MONIT02_20200606,EPSG:32634,606510.0,7545510.0,4,4,616860.0,7535160.0,,,,,
EMSR441_AOI02_DEL_MONIT03_20200608,EPSG:32634,606510.0,7545510.0,4,4,616860.0,7535160.0,,,,,
EMSR441_AOI02_DEL_MONIT04_20200609,EPSG:32634,606510.0,7545510.0,4,4,616860.0,7535160.0,,,,,
EMSR441_AOI02_DEL_PRODUCT_20200602,EPSG:32634,606510.0,7545510.0,4,4,616860.0,7535160.0,,,,,
EMSR441_AOI03_DEL_MONIT01_20200603,EPSG:32635,405720.0,7513560.0,4,4,417420.0,7501230.0,,,,,
EMSR441_AOI03_DEL_MONIT02_20200604,EPSG:32635,405720.0,7513560.0,4,4,417420.0,7501230.0,,,,,
EMSR441_AOI03_DEL_MONIT03_20200605,EPSG:32635,405720.0,7513560.0,4,4,417420.0,7501230.0,,,,,
EMSR441_AOI03_DEL_PRODUCT_20200602,EPSG:32635,405720.0,7513560.0,4,4,417420.0,7501230.0,,,,,
EMSR441_AOI05_DEL_MONIT01_20200603,EPSG:32634,624510.0,7415550.0,4,4,636480.0,7403850.0,,,,,
EMSR441_AOI05_DEL_PRODUCT_20200602,EPSG:32634,624510.0,7415550.0,4,4,636480.0,7403850.0,,,,,
EMSR441_AOI06_DEL_MONIT01_20200603,EPSG:32635,436860.0,7380540.0,4,4,448920.0,7369920.0,,,,,
EMSR441_AOI06_DEL_PRODUCT_20200602,EPSG:32635,436860.0,7380540.0,4,4,448920.0,7369920.0,,,,,
EMSR441_AOI07_DEL_MONIT01_20200603,EPSG:32635,364320.0,7310160.0,4,4,376020.0,7299450.0,,,,,
EMSR441_AOI07_DEL_PRODUCT_20200602,EPSG:32635,364320.0,7310160.0,4,4,376020.0,7299450.0,,,,,
EMSR441_AOI08_DEL_MONIT01_20200605,EPSG:32635,520200.0,7618770.0,1,1,524880.0,7613820.0,,,,,
EMSR441_AOI08_DEL_PRODUCT_20200604,EPSG:32635,520200.0,7618770.0,1,1,524880.0,7613820.0,,,,,
EMSR441_AOI09_DEL_PRODUCT_20200608,EPSG:32634,617040.0,7474050.0,2,2,623610.0,7467570.0,,,,,
EMSR442_AOI01_DEL_PRODUCT_20200610,EPSG:32634,496800.0,7744410.0,9,6,513990.0,7720380.0,,,,,
EMSR442_AOI03_DEL_PRODUCT_20200610,EPSG:32634,601920.0,7709400.0,2,1,606960.0,7702830.0,,,,,
EMSR442_AOI06_DEL_PRODUCT_20200610,EPSG:32635,419040.0,7776720.0,6,2,425880.0,7760340.0,,,,,
EMSR442_AOI07_DEL_PRODUCT_20200610,EPSG:32635,533880.0,7826760.0,21,11,563670.0,7771500.0,,,,,
EMSR444_AOI01_DEL_PRODUCT_20200626,EPSG:32635,319590.0,5434290.0,16,8,341820.0,5391000.0,,,,,
EMSR444_AOI01_FEP_PRODUCT_20200625,EPSG:32635,290430.0,5447880.0,23,20,343890.0,5386590.0,,,,,
EMSR444_AOI02_DEL_PRODUCT_20200626,EPSG:32635,363870.0,5374080.0,14,33,449100.0,5335830.0,,,,,
EMSR444_AOI02_FEP_PRODUCT_20200625,EPSG:32635,363870.0,5374080.0,14,33,449100.0,5335830.0,,,,,
EMSR444_AOI03_DEL_PRODUCT_20200627,EPSG:32634,662670.0,5354730.0,13,13,697320.0,5318910.0,,,,,
EMSR444_AOI03_FEP_PRODUCT_20200622,EPSG:32634,662670.0,5354730.0,13,13,697320.0,5318910.0,,,,,
EMSR444_AOI04_DEL_PRODUCT_20200626,EPSG:32635,293220.0,5446800.0,9,15,332730.0,5422590.0,,,,,
EMSR445_AOI01_DEL_PRODUCT_20200626,EPSG:32635,433710.0,5348520.0,14,32,517140.0,5310180.0,,,,,
EMSR445_AOI02_DEL_PRODUCT_20200627,EPSG:32634,652950.0,5047110.0,30,24,716490.0,4968540.0,,,,,
EMSR446_AOI01_DEL_MONIT01_20200727,EPSG:32636,447570.0,160200.0,13,23,508770.0,126450.0,,,,,
EMSR446_AOI01_DEL_MONIT02_20200807,EPSG:32636,395910.0,192960.0,25,44,508770.0,126450.0,,,,,
EMSR446_AOI01_DEL_MONIT03_20200812,EPSG:32636,395910.0,192960.0,25,44,508770.0,126450.0,,,,,
EMSR446_AOI01_DEL_MONIT04_20200817,EPSG:32636,395910.0,192960.0,25,44,508770.0,126450.0,,,,,
EMSR446_AOI01_DEL_MONIT05_20200822,EPSG:32636,395910.0,192960.0,25,44,508770.0,126450.0,,,,,
EMSR446_AOI01_DEL_MONIT06_20200827,EPSG:32636,415980.0,183690.0,22,36,508770.0,126450.0,,,,,
EMSR446_AOI01_DEL_MONIT07_20200901,EPSG:32636,415980.0,183690.0,22,36,508770.0,126450.0,,,,,
EMSR446_AOI01_DEL_PRODUCT_20200713,EPSG:32636,395910.0,192960.0,25,44,508770.0,126450.0,,,,,
EMSR446_AOI02_DEL_MONIT01_20200727,EPSG:32636,424350.0,131580.0,52,48,548370.0,-1710.0,,,,,
EMSR446_AOI02_DEL_PRODUCT_20200703,EPSG:32636,424350.0,131580.0,52,48,548370.0,-1710.0,,,,,
EMSR446_AOI03_DEL_MONIT01_20200830,EPSG:32635,805050.0,52290.0,22,21,859140.0,-6030.0,,,,,
EMSR446_AOI03_DEL_PRODUCT_20200601,EPSG:32635,805050.0,52290.0,22,21,859140.0,-6030.0,,,,,
EMSR450_AOI02_DEL_PRODUCT_20200804,EPSG:32648,556560.0,2311830.0,1,2,561960.0,2307870.0,,,,,
EMSR450_AOI03_DEL_PRODUCT_20200804,EPSG:32648,575730.0,2195730.0,4,5,589320.0,2183040.0,,,,,
EMSR450_AOI04_DEL_PRODUCT_20200802,EPSG:32648,565920.0,2071260.0,5,5,579690.0,2058390.0,,,,,
EMSR456_AOI01_DEL_PRODUCT_20200813,EPSG:32617,205380.0,1590480.0,3,5,219600.0,1581930.0,,,,,
EMSR456_AOI02_DEL_PRODUCT_20200816,EPSG:32616,810990.0,1557630.0,3,3,819810.0,1549530.0,,,,,
EMSR456_AOI03_DEL_PRODUCT_20200811,EPSG:32617,173610.0,1635120.0,2,4,184590.0,1628190.0,,,,,
EMSR456_AOI05_DEL_PRODUCT_20200816,EPSG:32617,220230.0,1570410.0,4,3,229140.0,1560150.0,,,,,
EMSR456_AOI08_DEL_PRODUCT_20200811,EPSG:32616,775440.0,1545030.0,3,3,785430.0,1535850.0,,,,,
EMSR456_AOI09_DEL_PRODUCT_20200813,EPSG:32617,237420.0,1560600.0,3,3,246330.0,1550430.0,,,,,
EMSR459_AOI01_GRA_PRODUCT_20200828,EPSG:32642,513900.0,3877740.0,2,1,517860.0,3871710.0,,,,,
EMSR460_AOI01_DEL_PRODUCT_20200902,EPSG:32629,428580.0,5933790.0,7,9,452340.0,5915790.0,,,,,
EMSR465_AOI02_GRA_PRODUCT_20200924,EPSG:32634,590940.0,4385880.0,5,6,607500.0,4372470.0,,,,,
EMSR465_AOI03_GRA_PRODUCT_20200924,EPSG:32634,564660.0,4374000.0,3,5,579240.0,4364460.0,,,,,
EMSR465_AOI04_GRA_PRODUCT_20200924,EPSG:32634,580860.0,4374540.0,3,4,592650.0,4364820.0,,,,,
EMSR465_AOI05_GRA_PRODUCT_20200924,EPSG:32634,592740.0,4369500.0,3,4,604260.0,4360860.0,,,,,
EMSR465_AOI06_GRA_PRODUCT_20200924,EPSG:32634,573660.0,4363650.0,3,6,589950.0,4354470.0,,,,,
EMSR465_AOI07_GRA_PRODUCT_20200924,EPSG:32634,597060.0,4363740.0,4,5,611100.0,4351500.0,,,,,
EMSR465_AOI08_GRA_PRODUCT_20200924,EPSG:32634,556200.0,4366800.0,2,1,560430.0,4361490.0,,,,,
EMSR466_AOI01_DEL_PRODUCT_20200927,EPSG:32632,184320.0,1520550.0,7,11,213750.0,1500390.0,,,,,
EMSR466_AOI02_DEL_PRODUCT_20200927,EPSG:32631,734220.0,1660590.0,7,7,753210.0,1641060.0,,,,,
EMSR466_AOI03_DEL_PRODUCT_20200912,EPSG:32631,601740.0,1517760.0,7,7,620820.0,1498320.0,,,,,
EMSR467_AOI01_DEL_PRODUCT_20201005,EPSG:32632,324630.0,4912920.0,20,19,374040.0,4860900.0,,,,,
EMSR467_AOI01_FEP_PRODUCT_20201003,EPSG:32632,324630.0,4912920.0,20,19,374040.0,4860900.0,,,,,
EMSR467_AOI02_DEL_PRODUCT_20201005,EPSG:32632,346860.0,4861890.0,11,6,363420.0,4832190.0,,,,,
EMSR467_AOI02_FEP_PRODUCT_20201003,EPSG:32632,346860.0,4861890.0,11,6,363420.0,4832190.0,,,,,
EMSR467_AOI03_DEL_PRODUCT_20201005,EPSG:32632,373140.0,4889340.0,17,10,399600.0,4844340.0,,,,,
EMSR467_AOI03_FEP_PRODUCT_20201003,EPSG:32632,373140.0,4889340.0,17,10,399600.0,4844340.0,,,,,
EMSR467_AOI04_GRA_PRODUCT_20201005,EPSG:32632,384570.0,4886370.0,2,1,389610.0,4880790.0,,,,,
EMSR467_AOI05_GRA_PRODUCT_20201005,EPSG:32632,379980.0,4874130.0,1,1,385020.0,4869180.0,,,,,
EMSR468_AOI01_FEP_PRODUCT_20201003,EPSG:32632,436140.0,5072310.0,31,14,473400.0,4992930.0,,,,,
EMSR468_AOI02_DEL_PRODUCT_20201003,EPSG:32632,392670.0,4933260.0,21,14,429120.0,4877550.0,,,,,
EMSR468_AOI03_GRA_PRODUCT_20201007,EPSG:32632,381780.0,4900410.0,4,3,389610.0,4889250.0,,,,,
EMSR468_AOI04_GRA_PRODUCT_20201008,EPSG:32632,448920.0,5056380.0,2,1,453690.0,5050800.0,,,,,
EMSR468_AOI05_DEL_PRODUCT_20201006,EPSG:32632,449010.0,5031720.0,15,9,473220.0,4992930.0,,,,,
EMSR468_AOI06_GRA_PRODUCT_20201010,EPSG:32632,411030.0,4929480.0,1,1,414630.0,4925070.0,,,,,
EMSR470_AOI01_DEL_MONIT01_20201020,EPSG:32631,193770.0,1222020.0,61,34,281340.0,1064520.0,,,,,
EMSR470_AOI01_DEL_PRODUCT_20201014,EPSG:32631,193770.0,1222020.0,61,34,281340.0,1064520.0,,,,,
EMSR470_AOI02_GRA_PRODUCT_20201017,EPSG:32631,260280.0,1201770.0,1,2,266130.0,1198350.0,,,,,
EMSR470_AOI04_GRA_PRODUCT_20201017,EPSG:32631,222930.0,1147680.0,1,1,226170.0,1143090.0,,,,,
EMSR471_AOI01_DEL_PRODUCT_20201016,EPSG:32634,425790.0,5441490.0,24,40,529380.0,5379210.0,,,,,
EMSR471_AOI01_FEP_PRODUCT_20201014,EPSG:32634,425790.0,5441490.0,24,40,529380.0,5379210.0,,,,,
EMSR471_AOI02_DEL_PRODUCT_20201015,EPSG:32634,427320.0,5389650.0,15,11,456390.0,5348700.0,,,,,
EMSR471_AOI02_FEP_PRODUCT_20201014,EPSG:32634,427320.0,5389650.0,15,11,456390.0,5348700.0,,,,,
EMSR471_AOI03_DEL_PRODUCT_20201015,EPSG:32634,353160.0,5403510.0,14,8,375930.0,5366070.0,,,,,
EMSR471_AOI04_DEL_PRODUCT_20201015,EPSG:32634,275310.0,5471730.0,25,27,344880.0,5406480.0,,,,,
EMSR471_AOI04_FEP_PRODUCT_20201014,EPSG:32634,275310.0,5471730.0,25,27,344880.0,5406480.0,,,,,
EMSR471_AOI05_DEL_PRODUCT_20201016,EPSG:32633,633690.0,5419260.0,36,13,667530.0,5327100.0,,,,,
EMSR471_AOI05_FEP_PRODUCT_20201014,EPSG:32633,633690.0,5419260.0,36,13,667530.0,5327100.0,,,,,
EMSR479_AOI01_DEL_PRODUCT_20201108,EPSG:32615,380070.0,2038950.0,20,43,490770.0,1985670.0,,,,,
EMSR479_AOI02_DEL_MONIT01_20201109,EPSG:32615,470880.0,2028330.0,48,52,604080.0,1903680.0,,,,,
EMSR479_AOI02_DEL_PRODUCT_20201108,EPSG:32615,470880.0,2028330.0,48,52,604080.0,1903680.0,,,,,
EMSR479_AOI02_GRA_PRODUCT_20201110,EPSG:32615,496170.0,1998540.0,6,6,512730.0,1981890.0,,,,,
EMSR480_AOI01_GRA_PRODUCT_20201113,EPSG:32635,340020.0,3912480.0,3,12,371700.0,3903570.0,,,,,
EMSR480_AOI02_GRA_PRODUCT_20201113,EPSG:32635,352260.0,3901320.0,3,5,366390.0,3891420.0,,,,,
EMSR480_AOI03_GRA_PRODUCT_20201113,EPSG:32635,274050.0,3919590.0,1,3,283500.0,3914910.0,,,,,
EMSR480_AOI04_GRA_PRODUCT_20201113,EPSG:32635,275580.0,3909420.0,1,2,281250.0,3904470.0,,,,,
EMSR480_AOI08_GRA_PRODUCT_20201113,EPSG:32635,256680.0,3905820.0,1,1,261270.0,3902310.0,,,,,
EMSR483_AOI02_GRA_PRODUCT_20201126,EPSG:32633,666990.0,4338990.0,12,9,691740.0,4306410.0,,,,,
EMSR483_AOI03_GRA_PRODUCT_20201126,EPSG:32633,656010.0,4376250.0,15,12,686790.0,4336470.0,,,,,
EMSR485_AOI01_GRA_PRODUCT_20201129,EPSG:32615,458370.0,1922040.0,1,1,462060.0,1918710.0,,,,,
EMSR485_AOI02_GRA_PRODUCT_20201211,EPSG:32615,473130.0,1921050.0,2,2,478620.0,1915920.0,,,,,
EMSR485_AOI03_GRA_PRODUCT_20201126,EPSG:32615,497430.0,1912950.0,1,1,501120.0,1909620.0,,,,,
EMSR485_AOI04_GRA_PRODUCT_20201126,EPSG:32615,515340.0,1914660.0,1,1,518580.0,1911330.0,,,,,
EMSR486_AOI02_DEL_PRODUCT_20201203,EPSG:32632,522810.0,4505400.0,13,16,564840.0,4470390.0,,,,,
EMSR486_AOI06_GRA_PRODUCT_20201203,EPSG:32632,554310.0,4500270.0,1,3,562050.0,4496310.0,,,,,
EMSR487_AOI01_DEL_MONIT01_20201210,EPSG:32632,650250.0,4955940.0,7,7,669690.0,4937130.0,,,,,
EMSR487_AOI01_DEL_PRODUCT_20201207,EPSG:32632,650250.0,4955940.0,7,7,669690.0,4937130.0,,,,,
EMSR487_AOI02_GRA_PRODUCT_20201213,EPSG:32632,655740.0,4953780.0,3,3,664020.0,4945680.0,,,,,
EMSR488_AOI01_DEL_PRODUCT_20201211,EPSG:32633,380340.0,4619970.0,1,1,385110.0,4615290.0,,,,,
EMSR492_AOI01_DEL_PRODUCT_20210102,EPSG:32630,630900.0,4872420.0,23,30,707850.0,4812840.0,,,,,
EMSR496_AOI01_DEL_PRODUCT_20210127,EPSG:32633,315540.0,4707270.0,4,4,326250.0,4694580.0,,,,,
EMSR497_AOI01_DEL_MONIT01_20210204,EPSG:32632,291330.0,5752260.0,39,28,364230.0,5652270.0,,,,,
EMSR497_AOI01_DEL_MONIT02_20210205,EPSG:32632,291330.0,5752260.0,39,28,364230.0,5652270.0,,,,,
EMSR497_AOI01_DEL_MONIT03_20210206,EPSG:32632,291330.0,5752260.0,39,28,364230.0,5652270.0,,,,,
EMSR497_AOI01_DEL_MONIT04_20210207,EPSG:32632,291330.0,5752260.0,39,28,364230.0,5652270.0,,,,,
EMSR497_AOI01_DEL_MONIT05_20210208,EPSG:32632,291330.0,5752260.0,39,28,364230.0,5652270.0,,,,,
EMSR497_AOI01_DEL_MONIT06_20210209,EPSG:32632,291330.0,5752260.0,39,28,364230.0,5652270.0,,,,,
EMSR497_AOI01_DEL_PRODUCT_20210203,EPSG:32632,291330.0,5752260.0,39,28,364230.0,5652270.0,,,,,
EMSR498_AOI01_DEL_PRODUCT_20210202,EPSG:32631,390240.0,5003190.0,13,19,439110.0,4969800.0,,,,,
EMSR501_AOI01_DEL_MONIT01_20210213,EPSG:32634,352980.0,4662810.0,11,17,398970.0,4632750.0,,,,,
EMSR501_AOI01_DEL_MONIT02_20210215,EPSG:32634,352980.0,4662270.0,11,11,382950.0,4633020.0,,,,,
EMSR501_AOI01_DEL_PRODUCT_20210106,EPSG:32634,352980.0,4662810.0,11,17,398970.0,4632750.0,,,,,
EMSR502_AOI01_DEL_MONIT01_20210224,EPSG:32629,571860.0,5811930.0,8,12,603090.0,5791230.0,,,,,
EMSR502_AOI01_DEL_PRODUCT_20210223,EPSG:32629,571860.0,5811930.0,8,12,603090.0,5791230.0,,,,,
EMSR502_AOI02_DEL_MONIT01_20210225,EPSG:32629,513270.0,5781870.0,4,8,533880.0,5770440.0,,,,,
EMSR502_AOI02_DEL_PRODUCT_20210223,EPSG:32629,513270.0,5781870.0,4,8,533880.0,5770440.0,,,,,
EMSR502_AOI03_DEL_MONIT01_20210224,EPSG:32629,535230.0,5783040.0,4,11,563940.0,5770530.0,,,,,
EMSR502_AOI03_DEL_PRODUCT_20210223,EPSG:32629,535230.0,5783040.0,4,11,563940.0,5770530.0,,,,,
EMSR502_AOI04_DEL_MONIT01_20210225,EPSG:32629,454500.0,5772780.0,3,8,476460.0,5762700.0,,,,,
EMSR502_AOI04_DEL_PRODUCT_20210223,EPSG:32629,454500.0,5772780.0,3,8,476460.0,5762700.0,,,,,
EMSR502_AOI05_DEL_MONIT01_20210225,EPSG:32629,488250.0,5761710.0,9,25,554580.0,5737410.0,,,,,
EMSR502_AOI05_DEL_PRODUCT_20210223,EPSG:32629,488250.0,5761710.0,9,25,554580.0,5737410.0,,,,,
EMSR502_AOI07_DEL_PRODUCT_20210223,EPSG:32629,511200.0,5738670.0,4,5,524880.0,5726790.0,,,,,
EMSR504_AOI01_DEL_MONIT01_20210321,EPSG:32756,480330.0,6581340.0,12,9,504810.0,6549210.0,,,,,
EMSR504_AOI01_DEL_MONIT02_20210322,EPSG:32756,480330.0,6581340.0,12,9,504810.0,6549210.0,,,,,
EMSR504_AOI01_DEL_PRODUCT_20210319,EPSG:32756,480420.0,6567930.0,3,4,492660.0,6559470.0,,,,,
EMSR504_AOI02_DEL_MONIT01_20210321,EPSG:32756,465750.0,6531120.0,9,11,495000.0,6507900.0,,,,,
EMSR504_AOI02_DEL_PRODUCT_20210319,EPSG:32756,465750.0,6531120.0,9,11,495000.0,6507900.0,,,,,
EMSR504_AOI02_GRA_PRODUCT_20210323,EPSG:32756,465750.0,6531120.0,9,11,495000.0,6507900.0,,,,,
EMSR504_AOI03_DEL_MONIT01_20210321,EPSG:32756,441450.0,6477480.0,4,6,457470.0,6465690.0,,,,,
EMSR504_AOI03_DEL_PRODUCT_20210319,EPSG:32756,441450.0,6477480.0,4,6,457470.0,6465690.0,,,,,
EMSR504_AOI03_GRA_PRODUCT_20210323,EPSG:32756,441450.0,6477480.0,4,6,457470.0,6465690.0,,,,,
EMSR504_AOI04_DEL_MONIT01_20210321,EPSG:32756,417240.0,6420150.0,4,5,430560.0,6409350.0,,,,,
EMSR504_AOI04_DEL_PRODUCT_20210319,EPSG:32756,417240.0,6420150.0,4,5,430560.0,6409350.0,,,,,
EMSR504_AOI04_GRA_PRODUCT_20210323,EPSG:32756,417240.0,6420150.0,4,5,430560.0,6409350.0,,,,,
EMSR504_AOI05_DEL_MONIT01_20210321,EPSG:32756,356130.0,6396030.0,13,12,387540.0,6360660.0,,,,,
EMSR504_AOI05_DEL_MONIT02_20210322,EPSG:32756,356130.0,6396030.0,13,12,387540.0,6360660.0,,,,,
EMSR504_AOI05_DEL_MONIT03_20210323,EPSG:32756,356130.0,6396030.0,13,12,387540.0,6360660.0,,,,,
EMSR504_AOI05_DEL_PRODUCT_20210319,EPSG:32756,356310.0,6383700.0,6,12,387360.0,6366600.0,,,,,
EMSR504_AOI06_DEL_MONIT01_20210322,EPSG:32756,275490.0,6291810.0,17,13,310680.0,6246000.0,,,,,
EMSR504_AOI06_DEL_MONIT02_20210323,EPSG:32756,275490.0,6291810.0,17,13,310680.0,6246000.0,,,,,
EMSR504_AOI06_DEL_PRODUCT_20210321,EPSG:32756,275490.0,6291810.0,17,13,310680.0,6246000.0,,,,,
EMSR504_AOI07_DEL_MONIT01_20210321,EPSG:32756,471240.0,6502500.0,3,5,486090.0,6494040.0,,,,,
EMSR504_AOI07_DEL_MONIT02_20210323,EPSG:32756,471240.0,6502500.0,3,5,486090.0,6494040.0,,,,,
EMSR504_AOI07_DEL_PRODUCT_20210319,EPSG:32756,471240.0,6502500.0,3,5,486090.0,6494040.0,,,,,
EMSR504_AOI07_GRA_PRODUCT_20210325,EPSG:32756,471240.0,6502500.0,3,5,486090.0,6494040.0,,,,,
EMSR504_AOI08_DEL_PRODUCT_20210324,EPSG:32756,292410.0,6576750.0,12,8,314910.0,6544890.0,,,,,
EMSR504_AOI08_GRA_PRODUCT_20210325,EPSG:32756,292770.0,6567570.0,6,6,308430.0,6551640.0,,,,,
EMSR504_AOI09_DEL_PRODUCT_20210324,EPSG:32756,486360.0,6729210.0,7,6,502020.0,6709950.0,,,,,
EMSR504_AOI11_DEL_PRODUCT_20210324,EPSG:32756,491850.0,6910020.0,3,4,503190.0,6901830.0,,,,,
EMSR504_AOI12_GRA_PRODUCT_20210326,EPSG:32756,295110.0,6309630.0,7,10,320940.0,6291270.0,,,,,
EMSR507_AOI01_DEL_PRODUCT_20210406,EPSG:32751,778050.0,9055080.0,1,3,786330.0,9050490.0,,,,,
EMSR507_AOI02_DEL_PRODUCT_20210406,EPSG:32751,813960.0,9061830.0,6,9,838620.0,9045180.0,,,,,
EMSR507_AOI03_DEL_PRODUCT_20210407,EPSG:32751,757620.0,9007470.0,13,9,782820.0,8973270.0,,,,,
EMSR507_AOI05_DEL_PRODUCT_20210408,EPSG:32751,616410.0,8983980.0,8,17,660690.0,8961840.0,,,,,
EMSR507_AOI06_GRA_PRODUCT_20210411,EPSG:32751,783990.0,9050310.0,1,1,788310.0,9046080.0,,,,,
EMSR507_AOI07_GRA_PRODUCT_20210409,EPSG:32751,781110.0,9036270.0,2,1,783990.0,9031140.0,,,,,
EMSR507_AOI08_GRA_PRODUCT_20210409,EPSG:32751,782820.0,9016740.0,1,1,787320.0,9011700.0,,,,,
EMSR507_AOI09_GRA_PRODUCT_20210411,EPSG:32751,791730.0,9029250.0,1,1,796410.0,9025290.0,,,,,
EMSR511_AOI01_DEL_MONIT02_20210524,EPSG:32635,402570.0,7530030.0,11,7,422010.0,7500420.0,,,,,
EMSR511_AOI01_DEL_PRODUCT_20210522,EPSG:32635,402570.0,7530030.0,11,7,422010.0,7500420.0,,,,,
EMSR511_AOI02_DEL_PRODUCT_20210521,EPSG:32634,625320.0,7424550.0,11,4,635940.0,7394940.0,,,,,
EMSR511_AOI03_DEL_MONIT01_20210524,EPSG:32635,363240.0,7326090.0,12,6,379170.0,7294050.0,,,,,
EMSR511_AOI03_DEL_PRODUCT_20210522,EPSG:32635,364320.0,7322490.0,11,4,376560.0,7294140.0,,,,,
EMSR511_AOI07_DEL_PRODUCT_20210527,EPSG:32635,553230.0,7548210.0,9,7,572940.0,7524450.0,,,,,
EMSR514_AOI01_DEL_MONIT01_20210614,EPSG:32621,290520.0,846900.0,30,19,340290.0,769500.0,,,,,
EMSR514_AOI01_DEL_PRODUCT_20210606,EPSG:32621,290520.0,846900.0,30,19,340290.0,769500.0,,,,,
EMSR514_AOI02_DEL_PRODUCT_20210611,EPSG:32620,786150.0,771120.0,9,15,826650.0,746820.0,,,,,
EMSR514_AOI03_DEL_PRODUCT_20210612,EPSG:32620,741330.0,654660.0,20,16,782550.0,601200.0,,,,,
EMSR517_AOI01_DEL_MONIT01_20210716,EPSG:32632,307890.0,5583780.0,37,35,399600.0,5488650.0,,,,,
EMSR517_AOI01_DEL_PRODUCT_20210715,EPSG:32632,307890.0,5583780.0,37,35,399600.0,5488650.0,,,,,
EMSR517_AOI03_DEL_MONIT01_20210716,EPSG:32632,342180.0,5606460.0,10,12,375390.0,5580450.0,,,,,
EMSR517_AOI03_DEL_PRODUCT_20210715,EPSG:32632,342180.0,5606460.0,10,12,375390.0,5580450.0,,,,,
EMSR517_AOI04_DEL_MONIT01_20210716,EPSG:32632,306450.0,5582790.0,24,11,336780.0,5520330.0,,,,,
EMSR517_AOI04_DEL_PRODUCT_20210715,EPSG:32632,306450.0,5582790.0,24,11,336780.0,5520330.0,,,,,
EMSR517_AOI05_DEL_MONIT01_20210716,EPSG:32632,289170.0,5670180.0,28,35,379620.0,5596560.0,,,,,
EMSR517_AOI05_DEL_PRODUCT_20210715,EPSG:32632,302490.0,5658210.0,24,30,379350.0,5596560.0,,,,,
EMSR517_AOI06_DEL_MONIT01_20210716,EPSG:32632,334710.0,5706090.0,16,30,412020.0,5665050.0,,,,,
EMSR517_AOI06_DEL_PRODUCT_20210715,EPSG:32632,334710.0,5706090.0,16,30,412020.0,5665050.0,,,,,
EMSR517_AOI07_GRA_PRODUCT_20210718,EPSG:32632,340470.0,5634990.0,4,2,348030.0,5624460.0,,,,,
EMSR517_AOI08_GRA_PRODUCT_20210718,EPSG:32632,339480.0,5618610.0,8,7,357750.0,5596020.0,,,,,
EMSR517_AOI09_GRA_PRODUCT_20210718,EPSG:32632,301860.0,5642010.0,8,6,319230.0,5619870.0,,,,,
EMSR517_AOI10_GRA_PRODUCT_20210718,EPSG:32632,295290.0,5667390.0,3,3,303930.0,5659110.0,,,,,
EMSR517_AOI11_GRA_PRODUCT_20210718,EPSG:32632,353610.0,5659650.0,3,3,361530.0,5649480.0,,,,,
EMSR517_AOI14_GRA_PRODUCT_20210718,EPSG:32632,337860.0,5686470.0,6,3,347220.0,5670630.0,,,,,
EMSR517_AOI15_GRA_MONIT01_20210720,EPSG:32632,341550.0,5604300.0,9,14,378630.0,5580810.0,,,,,
EMSR517_AOI15_GRA_PRODUCT_20210718,EPSG:32632,351180.0,5603490.0,8,6,367830.0,5581530.0,,,,,
EMSR517_AOI16_GRA_PRODUCT_20210718,EPSG:32632,322110.0,5569110.0,20,6,337500.0,5516460.0,,,,,
EMSR517_AOI17_GRA_PRODUCT_20210718,EPSG:32632,308070.0,5555250.0,13,5,322740.0,5521770.0,,,,,
EMSR517_AOI18_GRA_PRODUCT_20210718,EPSG:32632,320040.0,5606460.0,3,3,329580.0,5598540.0,,,,,
EMSR517_AOI20_GRA_PRODUCT_20210718,EPSG:32632,318960.0,5664510.0,3,3,328320.0,5655690.0,,,,,
EMSR517_AOI21_GRA_PRODUCT_20210721,EPSG:32633,344070.0,5286420.0,5,4,355410.0,5271390.0,,,,,
EMSR518_AOI01_DEL_MONIT01_20210717,EPSG:32631,660600.0,5672070.0,31,24,722790.0,5591160.0,,,,,
EMSR518_AOI01_DEL_PRODUCT_20210715,EPSG:32631,675180.0,5672070.0,30,18,722700.0,5592780.0,,,,,
EMSR518_AOI02_DEL_MONIT01_20210717,EPSG:32631,639540.0,5592600.0,18,23,699660.0,5544180.0,,,,,
EMSR518_AOI02_DEL_PRODUCT_20210715,EPSG:32631,639540.0,5592600.0,18,23,699660.0,5544180.0,,,,,
EMSR520_AOI01_DEL_PRODUCT_20210716,EPSG:32631,695430.0,5705100.0,15,10,722880.0,5666670.0,,,,,
EMSR548_AOI01_DEL_MONIT01_20211029,EPSG:32633,484110.0,4176540.0,18,13,518220.0,4129290.0,,,,,
EMSR548_AOI01_DEL_MONIT02_20211030,EPSG:32633,484110.0,4176540.0,18,13,518220.0,4129290.0,,,,,
EMSR548_AOI01_DEL_MONIT05_20211102,EPSG:32633,484110.0,4176540.0,18,13,518220.0,4129290.0,,,,,
EMSR548_AOI01_DEL_PRODUCT_20211027,EPSG:32633,484110.0,4176540.0,18,13,518220.0,4129290.0,,,,,
EMSR548_AOI02_DEL_MONIT01_20211029,EPSG:32633,498240.0,4116510.0,10,10,526320.0,4088610.0,,,,,
EMSR548_AOI02_DEL_MONIT02_20211030,EPSG:32633,498240.0,4116510.0,10,10,526320.0,4088610.0,,,,,
EMSR548_AOI02_DEL_MONIT05_20211102,EPSG:32633,498240.0,4116510.0,10,10,526320.0,4088610.0,,,,,
EMSR548_AOI04_GRA_PRODUCT_20211104,EPSG:32633,517230.0,4123980.0,1,1,521550.0,4121010.0,,,,,
EMSR548_AOI05_GRA_PRODUCT_20211104,EPSG:32633,502380.0,4147110.0,2,2,508050.0,4140090.0,,,,,
EMSR550_AOI01_DEL_MONIT01_20211114,EPSG:32756,223920.0,6852690.0,7,8,244980.0,6832710.0,,,,,
EMSR550_AOI01_DEL_MONIT02_20211115,EPSG:32756,223920.0,6852690.0,7,8,244980.0,6832710.0,,,,,
EMSR550_AOI01_DEL_PRODUCT_20211112,EPSG:32756,223920.0,6852690.0,7,8,244980.0,6832710.0,,,,,
EMSR550_AOI04_DEL_PRODUCT_20211112,EPSG:32755,766170.0,6744510.0,5,16,808740.0,6729300.0,,,,,
EMSR550_AOI07_DEL_PRODUCT_20211113,EPSG:32755,730080.0,6658380.0,3,3,739440.0,6650460.0,,,,,
EMSR550_AOI11_DEL_MONIT01_20211114,EPSG:32755,625680.0,6291720.0,3,3,633420.0,6281640.0,,,,,
EMSR550_AOI11_DEL_PRODUCT_20211113,EPSG:32755,625680.0,6291720.0,3,3,633420.0,6281640.0,,,,,
EMSR550_AOI13_DEL_MONIT01_20211115,EPSG:32755,579420.0,6313410.0,5,8,600840.0,6299370.0,,,,,
EMSR550_AOI13_DEL_MONIT04_20211117,EPSG:32755,579420.0,6313410.0,5,8,600840.0,6299370.0,,,,,
EMSR550_AOI14_DEL_MONIT02_20211114,EPSG:32755,649260.0,6289290.0,3,3,658890.0,6280740.0,,,,,
EMSR550_AOI15_DEL_PRODUCT_20211114,EPSG:32755,650700.0,6259950.0,3,3,660240.0,6250860.0,,,,,
EMSR551_AOI01_DEL_MONIT01_20211122,EPSG:32638,529380.0,3954330.0,8,4,541890.0,3932640.0,,,,,
EMSR551_AOI01_DEL_PRODUCT_20211121,EPSG:32638,529380.0,3954330.0,8,4,541890.0,3932640.0,,,,,
EMSR554_AOI01_DEL_MONIT01_20211202,EPSG:32756,301500.0,6860160.0,5,12,333990.0,6845940.0,,,,,
EMSR554_AOI01_DEL_MONIT02_20211203,EPSG:32756,301500.0,6860160.0,5,12,333990.0,6845940.0,,,,,
EMSR554_AOI01_DEL_PRODUCT_20211130,EPSG:32756,301500.0,6860160.0,5,12,333990.0,6845940.0,,,,,
EMSR554_AOI02_DEL_MONIT01_20211203,EPSG:32756,225270.0,6852060.0,12,26,294300.0,6819300.0,,,,,
EMSR554_AOI02_DEL_MONIT02_20211204,EPSG:32756,225270.0,6852060.0,12,26,294300.0,6819300.0,,,,,
EMSR554_AOI02_DEL_MONIT03_20211205,EPSG:32756,225270.0,6852060.0,12,26,294300.0,6819300.0,,,,,
EMSR554_AOI02_DEL_PRODUCT_20211202,EPSG:32756,225270.0,6852060.0,12,26,294300.0,6819300.0,,,,,
EMSR555_AOI01_DEL_MONIT01_20211211,EPSG:32630,495090.0,4802670.0,89,87,719370.0,4572990.0,,,,,
EMSR555_AOI01_DEL_MONIT02_20211212,EPSG:32630,495090.0,4802670.0,89,87,719370.0,4572990.0,,,,,
EMSR555_AOI01_DEL_MONIT03_20211213,EPSG:32630,495090.0,4802670.0,89,87,719370.0,4572990.0,,,,,
EMSR555_AOI01_DEL_MONIT04_20211214,EPSG:32630,495090.0,4802670.0,89,87,719370.0,4572990.0,,,,,
EMSR555_AOI01_DEL_MONIT05_20211215,EPSG:32630,495090.0,4802670.0,89,87,719370.0,4572990.0,,,,,
EMSR555_AOI01_DEL_MONIT06_20211216,EPSG:32630,495090.0,4802670.0,89,87,719370.0,4572990.0,,,,,
EMSR555_AOI01_DEL_MONIT07_20211218,EPSG:32630,495090.0,4802670.0,89,87,719370.0,4572990.0,,,,,
EMSR555_AOI01_DEL_PRODUCT_20211210,EPSG:32630,495090.0,4802670.0,89,87,719370.0,4572990.0,,,,,
EMSR557_AOI01_DEL_PRODUCT_20220113,EPSG:32632,620280.0,7080930.0,3,9,644130.0,7072650.0,,,,,
EMSR557_AOI02_DEL_PRODUCT_20220113,EPSG:32632,593100.0,7043940.0,5,18,639810.0,7030170.0,,,,,
EMSR557_AOI03_DEL_PRODUCT_20220113,EPSG:32632,559440.0,7036560.0,18,5,573120.0,6988590.0,,,,,
EMSR557_AOI04_DEL_PRODUCT_20220113,EPSG:32632,528930.0,7022520.0,15,6,544590.0,6982560.0,,,,,
EMSR557_AOI05_DEL_PRODUCT_20220113,EPSG:32632,480690.0,6992910.0,4,12,511470.0,6981030.0,,,,,
EMSR557_AOI08_DEL_PRODUCT_20220113,EPSG:32632,408690.0,6939180.0,12,11,437310.0,6907590.0,,,,,
EMSR557_AOI13_DEL_PRODUCT_20220113,EPSG:32632,502830.0,6862140.0,14,15,542430.0,6826230.0,,,,,
EMSR559_AOI01_DEL_PRODUCT_20220127,EPSG:32738,645660.0,8237520.0,49,27,716580.0,8111790.0,,,,,
EMSR559_AOI02_GRA_MONIT01_20220129,EPSG:32739,200700.0,8058150.0,3,3,208980.0,8049420.0,,,,,
EMSR559_AOI02_GRA_PRODUCT_20220127,EPSG:32739,200700.0,8058150.0,3,3,208980.0,8049420.0,,,,,
EMSR559_AOI03_DEL_PRODUCT_20220125,EPSG:32738,748440.0,7925490.0,14,10,774900.0,7888320.0,,,,,
EMSR559_AOI03_GRA_PRODUCT_20220128,EPSG:32738,754290.0,7917390.0,7,6,770670.0,7898670.0,,,,,
EMSR559_AOI04_DEL_PRODUCT_20220127,EPSG:32739,201600.0,7911990.0,6,4,214110.0,7894170.0,,,,,
EMSR559_AOI04_GRA_PRODUCT_20220129,EPSG:32739,201600.0,7911990.0,6,4,214110.0,7894170.0,,,,,
EMSR561_AOI01_DEL_PRODUCT_20220126,EPSG:32736,681840.0,8239230.0,11,9,706590.0,8210520.0,,,,,
EMSR561_AOI01_GRA_PRODUCT_20220201,EPSG:32736,681840.0,8239230.0,11,9,706590.0,8210520.0,,,,,
EMSR561_AOI02_DEL_PRODUCT_20220126,EPSG:32736,710280.0,8178480.0,11,10,736020.0,8149500.0,,,,,
EMSR561_AOI02_GRA_PRODUCT_20220130,EPSG:32736,710280.0,8178480.0,11,10,736020.0,8149500.0,,,,,
EMSR561_AOI03_DEL_PRODUCT_20220129,EPSG:32736,727290.0,8139870.0,10,6,745020.0,8112510.0,,,,,
EMSR561_AOI03_GRA_PRODUCT_20220130,EPSG:32736,727290.0,8139870.0,10,6,745020.0,8112510.0,,,,,
EMSR562_AOI04_DEL_PRODUCT_20220129,EPSG:32753,550800.0,6594210.0,9,8,573210.0,6570180.0,,,,,
EMSR562_AOI11_DEL_PRODUCT_20220131,EPSG:32754,718020.0,6511770.0,4,9,743130.0,6499710.0,,,,,
EMSR562_AOI13_DEL_PRODUCT_20220203,EPSG:32754,330300.0,8048790.0,5,9,354330.0,8034750.0,,,,,
EMSR567_AOI01_DEL_MONIT01_20220301,EPSG:32756,460530.0,7108020.0,3,3,470700.0,7097850.0,,,,,
EMSR567_AOI01_DEL_PRODUCT_20220227,EPSG:32756,460530.0,7108020.0,3,3,470700.0,7097850.0,,,,,
EMSR567_AOI02_DEL_PRODUCT_20220227,EPSG:32756,426870.0,6958080.0,4,4,437130.0,6947820.0,,,,,
EMSR567_AOI03_DEL_PRODUCT_20220228,EPSG:32756,496260.0,6962580.0,3,4,506520.0,6952410.0,,,,,
EMSR567_AOI04_DEL_PRODUCT_20220227,EPSG:32756,413190.0,6955020.0,4,4,423540.0,6944670.0,,,,,
EMSR567_AOI05_DEL_PRODUCT_20220227,EPSG:32756,456480.0,6977970.0,3,3,466650.0,6967800.0,,,,,
EMSR567_AOI06_DEL_MONIT01_20220301,EPSG:32756,453690.0,7184790.0,12,12,486900.0,7152840.0,,,,,
EMSR567_AOI06_DEL_MONIT02_20220302,EPSG:32756,453690.0,7184790.0,12,12,486900.0,7152840.0,,,,,
EMSR567_AOI06_DEL_PRODUCT_20220228,EPSG:32756,457830.0,7184790.0,6,6,475470.0,7166970.0,,,,,
EMSR567_AOI07_DEL_MONIT01_20220302,EPSG:32756,521820.0,6818220.0,3,3,531990.0,6808140.0,,,,,
EMSR567_AOI07_DEL_PRODUCT_20220228,EPSG:32756,521820.0,6818220.0,3,3,531990.0,6808140.0,,,,,
EMSR567_AOI08_DEL_MONIT01_20220302,EPSG:32756,488160.0,6741900.0,13,11,517320.0,6706890.0,,,,,
EMSR567_AOI08_DEL_PRODUCT_20220301,EPSG:32756,488970.0,6741900.0,11,10,516780.0,6712740.0,,,,,
EMSR567_AOI09_DEL_PRODUCT_20220303,EPSG:32756,548010.0,6813090.0,4,4,558540.0,6802560.0,,,,,
EMSR567_AOI10_DEL_PRODUCT_20220303,EPSG:32756,365130.0,6392880.0,15,10,391140.0,6352560.0,,,,,
EMSR567_AOI12_DEL_MONIT01_20220307,EPSG:32756,306990.0,6249510.0,7,11,335250.0,6231330.0,,,,,
EMSR567_AOI13_DEL_MONIT01_20220307,EPSG:32756,274500.0,6313230.0,27,18,322380.0,6244020.0,,,,,
EMSR567_AOI13_DEL_PRODUCT_20220303,EPSG:32756,274500.0,6313230.0,27,18,322380.0,6244020.0,,,,,
EMSR567_AOI14_DEL_PRODUCT_20220303,EPSG:32756,265050.0,6151860.0,8,13,300240.0,6129990.0,,,,,
EMSR567_AOI15_DEL_MONIT01_20220309,EPSG:32756,320220.0,6400710.0,4,5,334890.0,6388110.0,,,,,
EMSR567_AOI15_DEL_PRODUCT_20220307,EPSG:32756,320220.0,6400710.0,4,5,333180.0,6389370.0,,,,,
EMSR567_AOI16_DEL_PRODUCT_20220307,EPSG:32756,281700.0,6234660.0,5,5,295740.0,6220710.0,,,,,
EMSR568_AOI01_DEL_PRODUCT_20220317,EPSG:32737,587790.0,8409780.0,54,44,700830.0,8269200.0,,,,,
EMSR569_AOI02_DEL_PRODUCT_20220322,EPSG:32630,708480.0,4422060.0,11,12,740430.0,4392810.0,,,,,
EMSR569_AOI03_DEL_PRODUCT_20220322,EPSG:32630,680400.0,4392990.0,10,19,729180.0,4366080.0,,,,,
EMSR570_AOI01_DEL_MONIT01_20220331,EPSG:32756,518490.0,6803370.0,8,7,538920.0,6781050.0,,,,,
EMSR570_AOI01_DEL_MONIT02_20220401,EPSG:32756,514890.0,6806070.0,12,10,540900.0,6774660.0,,,,,
EMSR570_AOI01_DEL_PRODUCT_20220330,EPSG:32756,518490.0,6803370.0,8,7,538920.0,6781050.0,,,,,
EMSR570_AOI02_DEL_MONIT01_20220331,EPSG:32756,520560.0,6824160.0,8,10,546390.0,6803460.0,,,,,
EMSR570_AOI02_DEL_MONIT02_20220401,EPSG:32756,520560.0,6824160.0,8,10,546390.0,6803460.0,,,,,
EMSR570_AOI02_DEL_PRODUCT_20220330,EPSG:32756,520560.0,6824160.0,8,10,546390.0,6803460.0,,,,,
EMSR572_AOI01_DEL_PRODUCT_20220403,EPSG:32633,684360.0,4816620.0,35,40,787140.0,4726620.0,,,,,
EMSR574_AOI01_DEL_PRODUCT_20220515,EPSG:32756,400950.0,6972480.0,13,21,456300.0,6938280.0,,,,,
EMSR574_AOI02_DEL_PRODUCT_20220515,EPSG:32756,445140.0,7122870.0,15,13,480420.0,7081920.0,,,,,
EMSR577_AOI04_DEL_PRODUCT_20220616,EPSG:32621,736650.0,571590.0,50,24,799110.0,442260.0,,,,,
EMSR586_AOI01_DEL_PRODUCT_20220704,EPSG:32756,274500.0,6252300.0,12,9,298530.0,6219900.0,,,,,
EMSR586_AOI02_DEL_MONIT03_20220707,EPSG:32756,273780.0,6287670.0,14,15,314370.0,6251670.0,,,,,
EMSR586_AOI02_DEL_PRODUCT_20220704,EPSG:32756,273780.0,6287670.0,14,15,314370.0,6251670.0,,,,,
EMSR586_AOI03_DEL_MONIT03_20220707,EPSG:32756,293580.0,6309990.0,9,11,322200.0,6286860.0,,,,,
EMSR586_AOI03_DEL_PRODUCT_20220704,EPSG:32756,293580.0,6309990.0,9,11,322200.0,6286860.0,,,,,
EMSR586_AOI04_DEL_MONIT01_20220707,EPSG:32756,336870.0,6334560.0,11,12,369000.0,6304680.0,,,,,
EMSR586_AOI04_DEL_MONIT02_20220708,EPSG:32756,336870.0,6334560.0,11,12,369000.0,6304680.0,,,,,
EMSR586_AOI04_DEL_PRODUCT_20220705,EPSG:32756,336870.0,6334560.0,11,12,369000.0,6304680.0,,,,,
EMSR586_AOI05_DEL_MONIT01_20220707,EPSG:32756,321120.0,6401070.0,6,11,350010.0,6383970.0,,,,,
EMSR586_AOI05_DEL_PRODUCT_20220705,EPSG:32756,321120.0,6401070.0,6,11,350010.0,6383970.0,,,,,
EMSR586_AOI06_DEL_MONIT01_20220707,EPSG:32756,349200.0,6397920.0,17,19,397980.0,6352110.0,,,,,
EMSR586_AOI06_DEL_MONIT02_20220709,EPSG:32756,349200.0,6397920.0,17,19,397980.0,6352110.0,,,,,
EMSR586_AOI06_DEL_PRODUCT_20220705,EPSG:32756,350640.0,6396570.0,17,18,397980.0,6352110.0,,,,,
EMSR629_AOI01_DEL_PRODUCT_20220830,EPSG:32642,408330.0,3064230.0,10,14,444870.0,3037050.0,,,,,
EMSR629_AOI02_DEL_PRODUCT_20220830,EPSG:32642,448920.0,3096630.0,10,14,485280.0,3069720.0,,,,,
EMSR629_AOI03_DEL_PRODUCT_20220830,EPSG:32642,425250.0,3135690.0,10,14,461700.0,3108600.0,,,,,
EMSR631_AOI01_DEL_PRODUCT_20220909,EPSG:32642,490500.0,2884860.0,3,3,499050.0,2876220.0,,,,,
EMSR631_AOI01_GRA_PRODUCT_20220911,EPSG:32642,492300.0,2883060.0,2,1,497340.0,2877930.0,,,,,
EMSR631_AOI02_DEL_PRODUCT_20220920,EPSG:32642,529920.0,2860920.0,3,5,544140.0,2851290.0,,,,,
EMSR631_AOI02_GRA_PRODUCT_20220910,EPSG:32642,529920.0,2860920.0,3,5,544140.0,2851290.0,,,,,
EMSR634_AOI01_GRA_PRODUCT_20220918,EPSG:32633,297630.0,4825260.0,7,8,318870.0,4806720.0,,,,,
EMSR634_AOI02_GRA_PRODUCT_20220918,EPSG:32633,316980.0,4817790.0,8,10,343980.0,4796280.0,,,,,
EMSR634_AOI03_GRA_PRODUCT_20220918,EPSG:32633,330930.0,4824360.0,3,4,342900.0,4816620.0,,,,,
EMSR634_AOI04_GRA_PRODUCT_20220918,EPSG:32633,337500.0,4832100.0,4,3,346140.0,4821570.0,,,,,
EMSR634_AOI05_GRA_PRODUCT_20220918,EPSG:32633,345420.0,4833270.0,2,3,355500.0,4826430.0,,,,,
EMSR634_AOI06_GRA_PRODUCT_20220918,EPSG:32633,351900.0,4846410.0,3,4,362610.0,4836870.0,,,,,
EMSR634_AOI07_GRA_PRODUCT_20220918,EPSG:32633,342540.0,4840650.0,3,4,354330.0,4831380.0,,,,,
EMSR634_AOI08_GRA_PRODUCT_20220918,EPSG:32633,342720.0,4849560.0,3,3,352440.0,4840650.0,,,,,
EMSR634_AOI09_DEL_PRODUCT_20220916,EPSG:32633,337410.0,4845510.0,10,10,363150.0,4819680.0,,,,,
EMSR637_AOI01_DEL_MONIT02_20221103,EPSG:32755,569160.0,6315480.0,11,16,612000.0,6286140.0,,,,,
EMSR637_AOI01_DEL_MONIT03_20221104,EPSG:32755,569160.0,6315480.0,11,16,612000.0,6286140.0,,,,,
EMSR637_AOI01_DEL_MONIT04_20221105,EPSG:32755,569160.0,6315480.0,11,16,612000.0,6286140.0,,,,,
EMSR637_AOI01_DEL_MONIT05_20221107,EPSG:32755,569160.0,6315480.0,11,16,612000.0,6286140.0,,,,,
EMSR637_AOI04_DEL_PRODUCT_20221015,EPSG:32755,290430.0,5981400.0,5,2,297990.0,5966100.0,,,,,
EMSR637_AOI05_DEL_MONIT01_20221018,EPSG:32755,350010.0,5979240.0,7,8,370620.0,5958990.0,,,,,
EMSR637_AOI05_DEL_PRODUCT_20221016,EPSG:32755,350010.0,5979240.0,7,8,370620.0,5958990.0,,,,,
EMSR637_AOI07_DEL_PRODUCT_20221013,EPSG:32755,528210.0,6116670.0,2,4,539460.0,6110550.0,,,,,
EMSR637_AOI09_DEL_PRODUCT_20221015,EPSG:32755,291870.0,5976360.0,1,1,296280.0,5971320.0,,,,,
EMSR637_AOI11_DEL_PRODUCT_20221015,EPSG:32755,353520.0,5974380.0,3,3,362340.0,5964570.0,,,,,
EMSR637_AOI12_DEL_MONIT01_20221022,EPSG:32755,292590.0,6007410.0,4,4,305010.0,5995890.0,,,,,
EMSR637_AOI12_DEL_MONIT02_20221025,EPSG:32755,292590.0,6007500.0,5,5,307710.0,5992650.0,,,,,
EMSR637_AOI12_DEL_PRODUCT_20221018,EPSG:32755,292590.0,6007410.0,4,4,305010.0,5995890.0,,,,,
EMSR637_AOI13_DEL_PRODUCT_20221019,EPSG:32755,294300.0,6003630.0,3,2,300960.0,5995890.0,,,,,
EMSR637_AOI14_DEL_MONIT01_20221022,EPSG:32754,748260.0,6063660.0,19,13,783810.0,6014700.0,,,,,
EMSR637_AOI14_DEL_MONIT02_20221024,EPSG:32755,202860.0,6064380.0,21,21,256950.0,6008670.0,,,,,
EMSR637_AOI14_DEL_PRODUCT_20221019,EPSG:32754,748260.0,6063660.0,19,13,783810.0,6014700.0,,,,,
EMSR637_AOI15_DEL_PRODUCT_20221025,EPSG:32756,523530.0,6817140.0,4,4,533970.0,6806700.0,,,,,
EMSR637_AOI16_DEL_MONIT01_20221025,EPSG:32756,230490.0,6576300.0,4,5,244890.0,6563790.0,,,,,
EMSR637_AOI16_DEL_MONIT02_20221026,EPSG:32756,230490.0,6576300.0,4,5,244890.0,6563790.0,,,,,
EMSR637_AOI16_DEL_PRODUCT_20221024,EPSG:32756,230490.0,6576300.0,4,5,244890.0,6563790.0,,,,,
EMSR637_AOI17_DEL_MONIT01_20221025,EPSG:32755,755640.0,6748110.0,8,17,800280.0,6727050.0,,,,,
EMSR637_AOI17_DEL_PRODUCT_20221024,EPSG:32755,755640.0,6748110.0,8,17,800280.0,6727050.0,,,,,
EMSR639_AOI01_DEL_PRODUCT_20221103,EPSG:32616,338850.0,1977660.0,33,14,375300.0,1893150.0,,,,,
EMSR639_AOI03_GRA_PRODUCT_20221110,EPSG:32616,348750.0,1946160.0,3,7,368190.0,1938150.0,,,,,
EMSR639_AOI04_GRA_MONIT01_20221111,EPSG:32616,349110.0,1934100.0,2,6,366570.0,1927530.0,,,,,
EMSR639_AOI04_GRA_PRODUCT_20221106,EPSG:32616,349110.0,1934100.0,2,6,366570.0,1927530.0,,,,,
EMSR640_AOI01_DEL_MONIT01_20221120,EPSG:32630,462420.0,6364080.0,20,14,500760.0,6310710.0,,,,,
EMSR640_AOI01_DEL_PRODUCT_20221118,EPSG:32630,462420.0,6364080.0,20,14,500760.0,6310710.0,,,,,
EMSR640_AOI02_DEL_MONIT01_20221120,EPSG:32630,534420.0,6351480.0,10,8,556200.0,6324120.0,,,,,
EMSR640_AOI02_DEL_MONIT02_20221121,EPSG:32630,534420.0,6351480.0,10,8,556200.0,6324120.0,,,,,
EMSR640_AOI02_DEL_PRODUCT_20221118,EPSG:32630,534420.0,6351480.0,10,8,556200.0,6324120.0,,,,,
EMSR640_AOI03_DEL_MONIT01_20221120,EPSG:32630,487620.0,6304230.0,8,16,529110.0,6281550.0,,,,,
EMSR640_AOI03_DEL_PRODUCT_20221118,EPSG:32630,487620.0,6304230.0,8,16,529110.0,6281550.0,,,,,
EMSR640_AOI04_DEL_MONIT01_20221120,EPSG:32630,463500.0,6300270.0,14,19,514170.0,6263820.0,,,,,
EMSR640_AOI04_DEL_MONIT02_20221121,EPSG:32630,463500.0,6300270.0,14,19,514170.0,6263820.0,,,,,
EMSR640_AOI04_DEL_PRODUCT_20221118,EPSG:32630,463500.0,6300270.0,14,19,514170.0,6263820.0,,,,,
EMSR644_AOI01_DEL_MONIT01_20230114,EPSG:32635,398520.0,6282720.0,10,13,433710.0,6255090.0,,,,,
EMSR644_AOI01_DEL_MONIT02_20230116,EPSG:32635,398520.0,6282720.0,10,13,433710.0,6255090.0,,,,,
EMSR644_AOI01_DEL_MONIT03_20230118,EPSG:32635,388980.0,6282900.0,10,17,433710.0,6255090.0,,,,,
EMSR644_AOI01_DEL_MONIT04_20230119,EPSG:32635,388980.0,6282900.0,10,17,433710.0,6255090.0,,,,,
EMSR644_AOI01_DEL_PRODUCT_20230112,EPSG:32635,398520.0,6282720.0,10,13,433710.0,6255090.0,,,,,
EMSR646_AOI01_GRA_PRODUCT_20230201,EPSG:32634,472770.0,4754160.0,3,7,491850.0,4744440.0,,,,,
EMSR646_AOI02_GRA_PRODUCT_20230131,EPSG:32634,479340.0,4734900.0,2,2,484470.0,4729770.0,,,,,
EMSR646_AOI04_GRA_PRODUCT_20230201,EPSG:32634,457920.0,4721850.0,3,5,471060.0,4712400.0,,,,,
EMSR649_AOI01_GRA_PRODUCT_20230212,EPSG:32633,492480.0,4078710.0,9,8,515430.0,4055040.0,,,,,
EMSR649_AOI02_GRA_PRODUCT_20230211,EPSG:32633,521280.0,4106970.0,4,3,529740.0,4095450.0,,,,,
EMSR649_AOI03_GRA_PRODUCT_20230211,EPSG:32633,499590.0,4156740.0,3,4,510750.0,4146840.0,,,,,
EMSR649_AOI04_GRA_PRODUCT_20230211,EPSG:32633,511740.0,4164390.0,1,1,515520.0,4160340.0,,,,,
EMSR649_AOI05_DEL_PRODUCT_20230211,EPSG:32633,485280.0,4145040.0,3,8,508050.0,4136400.0,,,,,
EMSR650_AOI02_DEL_PRODUCT_20230216,EPSG:32736,436950.0,7195860.0,32,17,482940.0,7112340.0,,,,,
EMSR650_AOI03_DEL_PRODUCT_20230216,EPSG:32736,519120.0,7211520.0,5,5,533430.0,7197390.0,,,,,
EMSR657_AOI01_DaugavaRiver_DEL_MONIT01_20230402,EPSG:32635,433080.0,6240690.0,22,20,484740.0,6183990.0,,,,,
EMSR657_AOI01_DaugavaRiver_DEL_MONIT02_20230403,EPSG:32635,433080.0,6240690.0,22,20,484740.0,6183990.0,,,,,
EMSR657_AOI01_DaugavaRiver_DEL_MONIT03_20230404,EPSG:32635,433080.0,6240690.0,22,20,484740.0,6183990.0,,,,,
EMSR657_AOI01_DaugavaRiver_DEL_MONIT04_20230405,EPSG:32635,433080.0,6240690.0,22,20,484740.0,6183990.0,,,,,
EMSR657_AOI01_DaugavaRiver_DEL_MONIT05_20230406,EPSG:32635,433080.0,6240690.0,22,20,484740.0,6183990.0,,,,,
EMSR657_AOI01_DaugavaRiver_DEL_MONIT06_20230408,EPSG:32635,433080.0,6240690.0,22,20,484740.0,6183990.0,,,,,
EMSR657_AOI01_DaugavaRiver_DEL_PRODUCT_20230401,EPSG:32635,433080.0,6240690.0,22,20,484740.0,6183990.0,,,,,
EMSR659_AOI01_Spazzate_Sassatelli_DEL_PRODUCT_20230504,EPSG:32632,716580.0,4937760.0,3,4,727470.0,4928400.0,,,,,
EMSR659_AOI01_Spazzate_Sassatelli_GRA_PRODUCT_20230505,EPSG:32632,716310.0,4944240.0,6,6,734130.0,4928400.0,,,,,
EMSR659_AOI02_Lamone_Faenza_DEL_PRODUCT_20230504,EPSG:32632,729000.0,4909050.0,1,2,734400.0,4905810.0,,,,,
EMSR659_AOI02_Lamone_Faenza_GRA_PRODUCT_20230505,EPSG:32632,729000.0,4909050.0,1,2,734400.0,4905810.0,,,,,
EMSR659_AOI03_Bagnacavallo_DEL_PRODUCT_20230504,EPSG:32633,257580.0,4930110.0,5,3,266850.0,4917240.0,,,,,
EMSR659_AOI03_Bagnacavallo_GRA_PRODUCT_20230505,EPSG:32633,257580.0,4930380.0,5,3,266850.0,4917240.0,,,,,
EMSR659_AOI04_Idice_Molinella_DEL_PRODUCT_20230504,EPSG:32632,704700.0,4941180.0,2,4,714960.0,4935600.0,,,,,
EMSR659_AOI04_Idice_Molinella_FEP_PRODUCT_20230503,EPSG:32632,704700.0,4941180.0,2,4,714960.0,4935600.0,,,,,
EMSR659_AOI04_Idice_Molinella_GRA_PRODUCT_20230505,EPSG:32632,704700.0,4941180.0,2,4,716220.0,4935240.0,,,,,
EMSR659_AOI05_Modigliana_GRA_PRODUCT_20230506,EPSG:32632,716400.0,4900770.0,4,5,730530.0,4888080.0,,,,,
EMSR659_AOI06_Fontanelice_GRA_PRODUCT_20230506,EPSG:32632,696600.0,4908870.0,4,6,712350.0,4896810.0,,,,,
EMSR659_AOI07_Pianoro_GRA_PRODUCT_20230506,EPSG:32632,679050.0,4921920.0,7,7,697410.0,4902840.0,,,,,
EMSR662_AOI01_Nkozi_DEL_PRODUCT_20230514,EPSG:32636,350460.0,12330.0,6,9,375390.0,-4140.0,,,,,
EMSR663_AOI01_Burnett_GRA_PRODUCT_20230518,EPSG:32736,799020.0,8320950.0,6,4,811260.0,8303850.0,,,,,
EMSR664_AOI02_Lugo_GRA_PRODUCT_20230521,EPSG:32632,702090.0,4942440.0,9,16,745200.0,4917870.0,,,,,
EMSR664_AOI03_Castel_Bolognese_GRA_PRODUCT_20230522,EPSG:32632,715770.0,4913460.0,3,4,726750.0,4903920.0,,,,,
EMSR664_AOI04_Faenza_GRA_PRODUCT_20230521,EPSG:32632,726840.0,4909680.0,1,2,732600.0,4904910.0,,,,,
EMSR664_AOI05_Cesena_GRA_PRODUCT_20230522,EPSG:32633,275220.0,4893660.0,2,2,282060.0,4887630.0,,,,,
EMSR664_AOI06_Budrio_GRA_PRODUCT_20230521,EPSG:32632,688590.0,4941540.0,13,15,728190.0,4906440.0,,,,,
EMSR664_AOI07_Ravenna_GRA_PRODUCT_20230521,EPSG:32633,261720.0,4937940.0,15,11,292410.0,4898880.0,,,,,
EMSR665_AOI01_Prijedor_DEL_PRODUCT_20230518,EPSG:32633,616050.0,4992300.0,20,18,662850.0,4938570.0,,,,,
EMSR665_AOI02_Bihac_DEL_PRODUCT_20230519,EPSG:32633,558990.0,4987260.0,29,22,617400.0,4912650.0,,,,,
EMSR668_AOI01_Drammen_DEL_MONIT01_20230525,EPSG:32632,549450.0,6628500.0,2,7,569520.0,6621120.0,,,,,
EMSR668_AOI01_Drammen_DEL_PRODUCT_20230523,EPSG:32632,549450.0,6628500.0,2,7,569520.0,6621120.0,,,,,
EMSR668_AOI02_Amot_DEL_MONIT01_20230525,EPSG:32632,530730.0,6672690.0,13,10,557370.0,6637680.0,,,,,
EMSR668_AOI02_Amot_DEL_PRODUCT_20230523,EPSG:32632,530730.0,6672690.0,13,10,557370.0,6637680.0,,,,,
EMSR668_AOI03_Honefoss_DEL_PRODUCT_20230525,EPSG:32632,564300.0,6675570.0,5,3,573840.0,6661350.0,,,,,
EMSR668_AOI04_Jordet_DEL_PRODUCT_20230523,EPSG:32633,341640.0,6825690.0,12,6,359550.0,6792570.0,,,,,
EMSR668_AOI05_Alta_DEL_PRODUCT_20230524,EPSG:32634,582930.0,7766550.0,5,5,597510.0,7752690.0,,,,,
EMSR680_AOI01_Kranj_DEL_PRODUCT_20230805,EPSG:32633,422730.0,5143050.0,18,21,478260.0,5094990.0,,,,,
EMSR680_AOI03_Zalec_DEL_PRODUCT_20230805,EPSG:32633,474120.0,5148270.0,15,20,525420.0,5108940.0,,,,,
EMSR680_AOI03_Zalec_FEP_PRODUCT_20230804,EPSG:32633,474120.0,5143050.0,9,19,524970.0,5117490.0,,,,,
EMSR680_AOI04_Murska_DEL_PRODUCT_20230805,EPSG:32633,556110.0,5178330.0,12,26,622800.0,5146290.0,,,,,
EMSR680_AOI06_Luce_GRA_PRODUCT_20230810,EPSG:32633,478260.0,5135130.0,1,1,482940.0,5131800.0,,,,,
EMSR680_AOI07_Ljubno_GRA_PRODUCT_20230810,EPSG:32633,484470.0,5134950.0,2,2,490590.0,5129100.0,,,,,
EMSR680_AOI11_Verzej_GRA_PRODUCT_20230811,EPSG:32633,586350.0,5161140.0,1,1,591390.0,5158530.0,,,,,
EMSR680_AOI13_Dolnja_Bistrica_GRA_PRODUCT_20230811,EPSG:32633,596700.0,5157810.0,1,1,601470.0,5153310.0,,,,,
EMSR680_AOI14_Podvolovljek_GRA_PRODUCT_20230826,EPSG:32633,466020.0,5142150.0,7,6,483210.0,5122170.0,,,,,
EMSR680_AOI15_Prevalje_GRA_PRODUCT_20230826,EPSG:32633,476550.0,5157180.0,5,8,498150.0,5143320.0,,,,,
EMSR683_AOI01_Vagamo_DEL_MONIT01_20230811,EPSG:32632,502560.0,6862320.0,2,3,512730.0,6856380.0,,,,,
EMSR683_AOI01_Vagamo_DEL_PRODUCT_20230809,EPSG:32632,502560.0,6862320.0,2,3,512730.0,6856380.0,,,,,
EMSR683_AOI02_Selsverket_DEL_MONIT01_20230810,EPSG:32632,521100.0,6858450.0,5,3,530370.0,6844950.0,,,,,
EMSR683_AOI02_Selsverket_DEL_PRODUCT_20230809,EPSG:32632,521100.0,6858450.0,5,3,530370.0,6844950.0,,,,,
EMSR683_AOI03_Ringebu_DEL_MONIT01_20230810,EPSG:32632,544680.0,6828750.0,7,8,565740.0,6808410.0,,,,,
EMSR683_AOI03_Ringebu_DEL_PRODUCT_20230809,EPSG:32632,544680.0,6828750.0,7,8,565740.0,6808410.0,,,,,
EMSR683_AOI04_Segalstad_DEL_PRODUCT_20230809,EPSG:32632,563130.0,6790770.0,1,1,567270.0,6787530.0,,,,,
EMSR683_AOI05_Fagernes_DEL_PRODUCT_20230809,EPSG:32632,511110.0,6764040.0,2,2,517410.0,6758460.0,,,,,
EMSR683_AOI06_Hemsedal_DEL_MONIT01_20230811,EPSG:32632,471690.0,6749820.0,4,5,486720.0,6737760.0,,,,,
EMSR683_AOI06_Hemsedal_DEL_PRODUCT_20230809,EPSG:32632,471690.0,6749820.0,4,5,486720.0,6737760.0,,,,,
EMSR683_AOI07_Bromma_DEL_PRODUCT_20230810,EPSG:32632,494640.0,6731910.0,11,8,515970.0,6702480.0,,,,,
EMSR683_AOI08_Dokka_DEL_MONIT01_20230812,EPSG:32632,549450.0,6749640.0,4,5,563040.0,6739290.0,,,,,
EMSR683_AOI08_Dokka_DEL_PRODUCT_20230811,EPSG:32632,549450.0,6749640.0,4,5,563040.0,6739290.0,,,,,
EMSR683_AOI11_Bismo_DEL_PRODUCT_20230822,EPSG:32632,457290.0,6865020.0,4,6,474030.0,6854040.0,,,,,
EMSR683_AOI12_Fossbergom_DEL_PRODUCT_20230817,EPSG:32632,471060.0,6858630.0,2,3,481140.0,6851790.0,,,,,
EMSR683_AOI13_Tessand_DEL_PRODUCT_20230817,EPSG:32632,495990.0,6860070.0,1,4,508140.0,6856380.0,,,,,
EMSR683_AOI14_Otta_DEL_PRODUCT_20230817,EPSG:32632,524520.0,6850800.0,1,2,529740.0,6847470.0,,,,,
EMSR683_AOI15_Kvam_DEL_PRODUCT_20230817,EPSG:32632,535230.0,6841800.0,2,2,540630.0,6835500.0,,,,,
EMSR683_AOI16_Kvikne_DEL_PRODUCT_20230817,EPSG:32632,526770.0,6829020.0,1,4,538290.0,6824970.0,,,,,
EMSR683_AOI17_Frya_DEL_PRODUCT_20230817,EPSG:32632,553500.0,6826050.0,5,4,565110.0,6812010.0,,,,,
EMSR683_AOI18_Skabu_DEL_PRODUCT_20230817,EPSG:32632,519750.0,6824250.0,2,2,525420.0,6817680.0,,,,,
EMSR683_AOI20_Aurdal_DEL_PRODUCT_20230822,EPSG:32632,520380.0,6756210.0,1,1,524160.0,6752970.0,,,,,
EMSR683_AOI21_Ulnes_DEL_PRODUCT_20230822,EPSG:32632,504630.0,6761520.0,1,3,513810.0,6757740.0,,,,,
EMSR683_AOI22_Bagn_DEL_PRODUCT_20230822,EPSG:32632,527400.0,6744780.0,1,1,532170.0,6740460.0,,,,,
EMSR683_AOI23_Al_DEL_PRODUCT_20230822,EPSG:32632,459000.0,6726150.0,4,9,482760.0,6713820.0,,,,,
EMSR684_AOI01_Mora_DEL_PRODUCT_20230817,EPSG:32633,470250.0,6778800.0,21,15,509760.0,6724620.0,,,,,
EMSR684_AOI05_Marma_DEL_PRODUCT_20230816,EPSG:32633,625860.0,6711570.0,4,3,634230.0,6700950.0,,,,,
EMSR684_AOI06_Soderfors_DEL_PRODUCT_20230816,EPSG:32633,620730.0,6703380.0,3,1,625050.0,6695100.0,,,,,
EMSR684_AOI07_Tarnsjo_DEL_PRODUCT_20230817,EPSG:32633,598680.0,6673410.0,1,3,608400.0,6668460.0,,,,,
EMSR684_AOI08_Sundborn_DEL_PRODUCT_20230817,EPSG:32633,539550.0,6735870.0,6,4,551700.0,6719040.0,,,,,
EMSR692_AOI01_Magnesia_DEL_MONIT01_20230906,EPSG:32634,539820.0,4406670.0,31,70,720720.0,4324860.0,,,,,
EMSR692_AOI01_Magnesia_DEL_MONIT02_20230907,EPSG:32634,539730.0,4421610.0,37,70,720720.0,4324860.0,,,,,
EMSR692_AOI01_Magnesia_DEL_MONIT03_20230909,EPSG:32634,539730.0,4421610.0,37,70,720720.0,4324860.0,,,,,
EMSR692_AOI02_Palamas_DEL_MONIT01_20230912,EPSG:32634,589050.0,4392540.0,22,10,616860.0,4335120.0,,,,,
EMSR692_AOI02_Palamas_DEL_MONIT02_20230914,EPSG:32634,589050.0,4392540.0,22,10,616860.0,4335120.0,,,,,
EMSR692_AOI02_Palamas_DEL_MONIT03_20230915,EPSG:32634,589050.0,4392540.0,22,10,616860.0,4335120.0,,,,,
EMSR692_AOI02_Palamas_DEL_MONIT04_20230917,EPSG:32634,589050.0,4392540.0,22,10,616860.0,4335120.0,,,,,
EMSR692_AOI02_Palamas_DEL_MONIT05_20230919,EPSG:32634,589050.0,4392540.0,22,10,616860.0,4335120.0,,,,,
EMSR692_AOI02_Palamas_DEL_PRODUCT_20230910,EPSG:32634,589050.0,4392540.0,21,10,615240.0,4336560.0,,,,,
EMSR692_AOI03_Larissa_DEL_MONIT01_20230912,EPSG:32634,609660.0,4414770.0,18,14,646650.0,4366350.0,,,,,
EMSR692_AOI03_Larissa_DEL_MONIT02_20230914,EPSG:32634,609660.0,4414770.0,18,14,646650.0,4366350.0,,,,,
EMSR692_AOI03_Larissa_DEL_MONIT03_20230915,EPSG:32634,609660.0,4413960.0,18,14,646650.0,4366350.0,,,,,
EMSR692_AOI03_Larissa_DEL_MONIT04_20230917,EPSG:32634,609660.0,4413960.0,18,14,646650.0,4366350.0,,,,,
EMSR692_AOI03_Larissa_DEL_MONIT05_20230919,EPSG:32634,609660.0,4413960.0,18,14,646650.0,4366350.0,,,,,
EMSR692_AOI03_Larissa_DEL_PRODUCT_20230910,EPSG:32634,609570.0,4414770.0,18,14,646650.0,4366350.0,,,,,
EMSR692_AOI04_Stefanovikio_DEL_MONIT01_20230912,EPSG:32634,629190.0,4423950.0,23,14,665910.0,4362570.0,,,,,
EMSR692_AOI04_Stefanovikio_DEL_MONIT02_20230914,EPSG:32634,629190.0,4423950.0,23,14,665910.0,4362570.0,,,,,
EMSR692_AOI04_Stefanovikio_DEL_MONIT03_20230917,EPSG:32634,629190.0,4423950.0,23,14,665910.0,4362570.0,,,,,
EMSR692_AOI04_Stefanovikio_DEL_MONIT04_20230919,EPSG:32634,629190.0,4423950.0,23,14,665910.0,4362570.0,,,,,
EMSR692_AOI04_Stefanovikio_DEL_PRODUCT_20230910,EPSG:32634,629190.0,4423950.0,23,14,665910.0,4362570.0,,,,,
EMSR692_AOI05_Karditsa_DEL_MONIT01_20230911,EPSG:32634,563670.0,4392450.0,21,10,589770.0,4338450.0,,,,,
EMSR692_AOI05_Karditsa_DEL_MONIT02_20230912,EPSG:32634,563670.0,4392450.0,21,10,589770.0,4338450.0,,,,,
EMSR692_AOI05_Karditsa_DEL_MONIT03_20230914,EPSG:32634,563670.0,4392450.0,21,10,589770.0,4338450.0,,,,,
EMSR692_AOI05_Karditsa_DEL_MONIT04_20230917,EPSG:32634,563670.0,4392450.0,21,10,589770.0,4338450.0,,,,,
EMSR692_AOI05_Karditsa_DEL_MONIT05_20230918,EPSG:32634,563670.0,4392450.0,21,10,589770.0,4338450.0,,,,,
EMSR692_AOI05_Karditsa_DEL_PRODUCT_20230910,EPSG:32634,563670.0,4392450.0,21,10,589770.0,4338450.0,,,,,
EMSR692_AOI06_Keramidi_DEL_MONIT01_20230922,EPSG:32634,587250.0,4392990.0,9,14,623160.0,4369770.0,,,,,
EMSR692_AOI07_Kalamaki_DEL_MONIT01_20230922,EPSG:32634,616320.0,4414320.0,19,18,663660.0,4363200.0,,,,,
EMSR694_AOI02_Calalberche_GRA_PRODUCT_20230908,EPSG:32630,375750.0,4466700.0,9,13,409770.0,4442580.0,,,,,
EMSR694_AOI03_El_Alamo_GRA_PRODUCT_20230908,EPSG:32630,412740.0,4464360.0,6,3,421110.0,4448790.0,,,,,
EMSR696_AOI01_Derna_GRA_PRODUCT_20230913,EPSG:32634,642240.0,3631230.0,6,6,658350.0,3614130.0,,,,,
EMSR696_AOI02_Benghazi_GRA_PRODUCT_20230913,EPSG:32634,406800.0,3561030.0,6,7,425610.0,3545370.0,,,,,
EMSR696_AOI03_Al_Marj_GRA_PRODUCT_20230913,EPSG:32634,480510.0,3598830.0,2,2,487710.0,3592170.0,,,,,
EMSR696_AOI04_Al_Bayda_GRA_PRODUCT_20230913,EPSG:32634,565380.0,3630870.0,3,4,577710.0,3621150.0,,,,,
EMSR696_AOI05_Shahat_GRA_PRODUCT_20230913,EPSG:32634,579150.0,3632400.0,2,2,585990.0,3626820.0,,,,,
EMSR696_AOI07_Susah_GRA_PRODUCT_20230913,EPSG:32634,584280.0,3641490.0,1,3,593550.0,3637890.0,,,,,
EMSR697_AOI01_Lamia_DEL_PRODUCT_20230928,EPSG:32634,579150.0,4317030.0,10,29,654120.0,4289400.0,,,,,
EMSR697_AOI04_Istiaia_DEL_PRODUCT_20230928,EPSG:32634,656280.0,4327020.0,15,28,728550.0,4287510.0,,,,,
EMSR698_AOI01_River_Spey_DEL_MONIT01_20231010,EPSG:32630,424350.0,6392700.0,34,29,499500.0,6304320.0,,,,,
EMSR698_AOI01_River_Spey_DEL_PRODUCT_20231008,EPSG:32630,424350.0,6392700.0,34,29,499500.0,6304320.0,,,,,
EMSR698_AOI02_River_Tay_DEL_MONIT01_20231010,EPSG:32630,436320.0,6289650.0,16,17,479880.0,6246990.0,,,,,
EMSR698_AOI02_River_Tay_DEL_PRODUCT_20231008,EPSG:32630,436320.0,6289650.0,16,17,479880.0,6246990.0,,,,,
EMSR698_AOI03_Kelvin_Teith_DEL_PRODUCT_20231008,EPSG:32630,394650.0,6252660.0,23,19,444150.0,6191280.0,,,,,
EMSR705_AOI01_Prato_DEL_PRODUCT_20231106,EPSG:32632,651240.0,4872240.0,11,13,685710.0,4842990.0,,,,,
EMSR705_AOI02_Fucecchio_DEL_MONIT01_20231106,EPSG:32632,638100.0,4851720.0,6,9,663030.0,4835610.0,,,,,
EMSR705_AOI02_Fucecchio_DEL_PRODUCT_20231104,EPSG:32632,638100.0,4851720.0,6,9,663030.0,4835610.0,,,,,
EMSR705_AOI03_Pontedera_DEL_MONIT02_20231106,EPSG:32632,615960.0,4841370.0,9,10,642510.0,4817340.0,,,,,
EMSR705_AOI04_Quarrata_GRA_PRODUCT_20231106,EPSG:32632,654750.0,4862700.0,3,2,661860.0,4853790.0,,,,,
EMSR705_AOI06_Montemurlo_GRA_PRODUCT_20231105,EPSG:32632,658620.0,4869450.0,3,4,670590.0,4860090.0,,,,,
EMSR705_AOI08_Orentano_DEL_MONIT01_20231106,EPSG:32632,629190.0,4850010.0,3,2,636660.0,4842090.0,,,,,
EMSR705_AOI08_Orentano_DEL_PRODUCT_20231104,EPSG:32632,629190.0,4850010.0,3,2,636660.0,4842090.0,,,,,
EMSR706_AOI01_Calais_DEL_PRODUCT_20231124,EPSG:32631,396720.0,5661360.0,37,45,513000.0,5566230.0,,,,,
EMSR706_AOI01_Calais_FEP_PRODUCT_20231107,EPSG:32631,396720.0,5661360.0,37,29,472590.0,5566320.0,,,,,
EMSR706_AOI02_Desvres_DEL_MONIT01_20231110,EPSG:32631,398610.0,5621580.0,4,10,425250.0,5609430.0,,,,,
EMSR706_AOI02_Desvres_DEL_PRODUCT_20231109,EPSG:32631,398610.0,5621580.0,4,10,425250.0,5609430.0,,,,,
EMSR706_AOI03_Lumbres_DEL_MONIT01_20231111,EPSG:32631,430560.0,5625450.0,9,9,454230.0,5601780.0,,,,,
EMSR706_AOI03_Lumbres_DEL_PRODUCT_20231109,EPSG:32631,430560.0,5625450.0,9,9,454230.0,5601780.0,,,,,
EMSR706_AOI04_Nordausques_DEL_MONIT02_20231110,EPSG:32631,420390.0,5641020.0,8,9,443700.0,5618070.0,,,,,
EMSR706_AOI05_Wormhout_DEL_MONIT01_20231111,EPSG:32631,449190.0,5645070.0,7,9,472320.0,5626170.0,,,,,
EMSR706_AOI05_Wormhout_DEL_PRODUCT_20231109,EPSG:32631,449190.0,5645070.0,7,9,472320.0,5626170.0,,,,,
EMSR706_AOI07_Montreuil_sur_Mer_DEL_MONIT01_20231117,EPSG:32631,398790.0,5605110.0,10,13,432090.0,5577570.0,,,,,
EMSR706_AOI07_Montreuil_sur_Mer_DEL_MONIT02_20231119,EPSG:32631,398790.0,5605110.0,10,13,432090.0,5577570.0,,,,,
EMSR706_AOI07_Montreuil_sur_Mer_DEL_MONIT03_20231120,EPSG:32631,398790.0,5605110.0,10,13,432090.0,5577570.0,,,,,
EMSR706_AOI07_Montreuil_sur_Mer_DEL_MONIT04_20231122,EPSG:32631,398790.0,5605110.0,10,13,432090.0,5577570.0,,,,,
EMSR706_AOI07_Montreuil_sur_Mer_DEL_PRODUCT_20231109,EPSG:32631,398790.0,5605110.0,10,13,432090.0,5577570.0,,,,,
EMSR708_AOI01_Westhoek_DEL_MONIT01_20231110,EPSG:32631,471330.0,5668380.0,15,13,505170.0,5629770.0,,,,,
EMSR708_AOI01_Westhoek_DEL_MONIT02_20231112,EPSG:32631,471330.0,5668380.0,15,13,505170.0,5629770.0,,,,,
EMSR708_AOI01_Westhoek_DEL_MONIT03_20231115,EPSG:32631,468720.0,5672070.0,16,14,505170.0,5629770.0,,,,,
EMSR708_AOI01_Westhoek_DEL_PRODUCT_20231107,EPSG:32631,471330.0,5668380.0,15,13,505170.0,5629770.0,,,,,
EMSR708_AOI02_Kachtem_DEL_MONIT01_20231110,EPSG:32631,510840.0,5643990.0,1,2,517230.0,5639760.0,,,,,
EMSR708_AOI03_Moorsele_Wevelgem_DEL_MONIT01_20231110,EPSG:32631,501930.0,5639310.0,5,6,517950.0,5625360.0,,,,,
EMSR708_AOI03_Moorsele_Wevelgem_DEL_MONIT02_20231112,EPSG:32631,501930.0,5639310.0,5,6,517950.0,5625360.0,,,,,
EMSR708_AOI03_Moorsele_Wevelgem_DEL_PRODUCT_20231107,EPSG:32631,501930.0,5639310.0,5,6,517950.0,5625360.0,,,,,
EMSR711_AOI01_Rochefort_DEL_MONIT01_20231218,EPSG:32630,646200.0,5097870.0,19,40,750240.0,5048370.0,,,,,
EMSR711_AOI01_Rochefort_DEL_PRODUCT_20231215,EPSG:32630,646200.0,5097870.0,19,40,750240.0,5048370.0,,,,,
EMSR711_AOI01_Rochefort_FEP_PRODUCT_20231214,EPSG:32630,646200.0,5097870.0,19,40,750240.0,5048370.0,,,,,
EMSR711_AOI03_Angouleme_DEL_PRODUCT_20231216,EPSG:32631,267120.0,5069610.0,6,5,280350.0,5053140.0,,,,,
EMSR712_AOI01_Hase_River_DEL_MONIT01_20231227,EPSG:32632,378720.0,5849550.0,29,29,453420.0,5774220.0,,,,,
EMSR712_AOI01_Hase_River_DEL_MONIT02_20231228,EPSG:32632,378720.0,5849550.0,29,29,453420.0,5774220.0,,,,,
EMSR712_AOI01_Hase_River_DEL_MONIT03_20231230,EPSG:32632,378720.0,5849550.0,29,29,453420.0,5774220.0,,,,,
EMSR712_AOI01_Hase_River_DEL_MONIT04_20240101,EPSG:32632,378720.0,5849550.0,29,29,453420.0,5774220.0,,,,,
EMSR712_AOI01_Hase_River_DEL_MONIT06_20240106,EPSG:32632,378720.0,5849550.0,29,29,453420.0,5774220.0,,,,,
EMSR712_AOI01_Hase_River_DEL_MONIT07_20240107,EPSG:32632,378720.0,5849550.0,29,29,453420.0,5774220.0,,,,,
EMSR712_AOI01_Hase_River_DEL_PRODUCT_20231225,EPSG:32632,378720.0,5849550.0,29,29,453420.0,5774220.0,,,,,
EMSR712_AOI02_Hunte_River_DEL_MONIT01_20231227,EPSG:32632,440820.0,5902290.0,45,11,471330.0,5785470.0,,,,,
EMSR712_AOI02_Hunte_River_DEL_MONIT02_20231229,EPSG:32632,440820.0,5902290.0,45,11,471330.0,5785470.0,,,,,
EMSR712_AOI02_Hunte_River_DEL_MONIT03_20240102,EPSG:32632,440820.0,5902290.0,45,11,471330.0,5785470.0,,,,,
EMSR712_AOI02_Hunte_River_DEL_MONIT05_20240106,EPSG:32632,440820.0,5902290.0,45,11,471330.0,5785470.0,,,,,
EMSR712_AOI02_Hunte_River_DEL_MONIT06_20240107,EPSG:32632,440820.0,5902290.0,45,11,471330.0,5785470.0,,,,,
EMSR712_AOI02_Hunte_River_DEL_PRODUCT_20231225,EPSG:32632,440820.0,5902290.0,45,11,471330.0,5785470.0,,,,,
EMSR712_AOI03_Weser_River_North_DEL_MONIT01_20231227,EPSG:32632,468900.0,5892480.0,42,20,520470.0,5784840.0,,,,,
EMSR712_AOI03_Weser_River_North_DEL_MONIT02_20231230,EPSG:32632,468900.0,5895540.0,43,20,520470.0,5784840.0,,,,,
EMSR712_AOI03_Weser_River_North_DEL_MONIT03_20240101,EPSG:32632,468900.0,5895540.0,43,20,520470.0,5784840.0,,,,,
EMSR712_AOI03_Weser_River_North_DEL_MONIT04_20240103,EPSG:32632,468900.0,5895540.0,43,20,520470.0,5784840.0,,,,,
EMSR712_AOI03_Weser_River_North_DEL_MONIT05_20240104,EPSG:32632,468900.0,5895540.0,43,20,520470.0,5784840.0,,,,,
EMSR712_AOI03_Weser_River_North_DEL_MONIT06_20240105,EPSG:32632,468900.0,5895540.0,43,20,520470.0,5784840.0,,,,,
EMSR712_AOI03_Weser_River_North_DEL_MONIT07_20240106,EPSG:32632,468900.0,5895540.0,43,20,520470.0,5784840.0,,,,,
EMSR712_AOI03_Weser_River_North_DEL_MONIT08_20240107,EPSG:32632,468900.0,5895540.0,43,20,520470.0,5784840.0,,,,,
EMSR712_AOI03_Weser_River_North_DEL_PRODUCT_20231225,EPSG:32632,468900.0,5892480.0,42,20,520470.0,5784840.0,,,,,
EMSR712_AOI04_Weser_River_South_DEL_MONIT01_20231225,EPSG:32632,484110.0,5789520.0,39,29,558450.0,5688900.0,,,,,
EMSR712_AOI04_Weser_River_South_DEL_MONIT02_20231227,EPSG:32632,484110.0,5789520.0,39,29,558450.0,5688900.0,,,,,
EMSR712_AOI04_Weser_River_South_DEL_MONIT03_20240101,EPSG:32632,484110.0,5789520.0,39,29,558450.0,5688900.0,,,,,
EMSR712_AOI04_Weser_River_South_DEL_MONIT04_20240103,EPSG:32632,484110.0,5789520.0,39,29,558450.0,5688900.0,,,,,
EMSR712_AOI04_Weser_River_South_DEL_MONIT05_20240105,EPSG:32632,484110.0,5789520.0,39,29,558450.0,5688900.0,,,,,
EMSR712_AOI04_Weser_River_South_DEL_MONIT06_20240106,EPSG:32632,484110.0,5789520.0,39,29,558450.0,5688900.0,,,,,
EMSR712_AOI04_Weser_River_South_DEL_PRODUCT_20231224,EPSG:32632,484110.0,5789520.0,39,29,558450.0,5688900.0,,,,,
EMSR712_AOI05_Aller_River_DEL_MONIT01_20231225,EPSG:32632,516690.0,5869620.0,29,51,648450.0,5793930.0,,,,,
EMSR712_AOI05_Aller_River_DEL_MONIT02_20231228,EPSG:32632,516690.0,5869620.0,29,51,648450.0,5793930.0,,,,,
EMSR712_AOI05_Aller_River_DEL_MONIT03_20231229,EPSG:32632,516690.0,5869620.0,29,51,648450.0,5793930.0,,,,,
EMSR712_AOI05_Aller_River_DEL_MONIT04_20231231,EPSG:32632,516690.0,5869620.0,29,51,648450.0,5793930.0,,,,,
EMSR712_AOI05_Aller_River_DEL_MONIT05_20240103,EPSG:32632,516690.0,5869620.0,29,51,648450.0,5793930.0,,,,,
EMSR712_AOI05_Aller_River_DEL_MONIT06_20240105,EPSG:32632,516690.0,5869620.0,29,51,648450.0,5793930.0,,,,,
EMSR712_AOI05_Aller_River_DEL_MONIT07_20240106,EPSG:32632,516690.0,5869620.0,29,51,648450.0,5793930.0,,,,,
EMSR712_AOI05_Aller_River_DEL_MONIT08_20240107,EPSG:32632,516690.0,5869620.0,29,51,648450.0,5793930.0,,,,,
EMSR712_AOI05_Aller_River_DEL_PRODUCT_20231224,EPSG:32632,516690.0,5869620.0,29,51,648450.0,5793930.0,,,,,
EMSR712_AOI06_Leine_Rhume_Rivers_DEL_MONIT01_20231225,EPSG:32632,524880.0,5837580.0,57,27,594720.0,5690700.0,,,,,
EMSR712_AOI06_Leine_Rhume_Rivers_DEL_MONIT02_20231227,EPSG:32632,524880.0,5837580.0,57,27,594720.0,5690700.0,,,,,
EMSR712_AOI06_Leine_Rhume_Rivers_DEL_MONIT03_20231230,EPSG:32632,524880.0,5837580.0,57,27,594720.0,5690700.0,,,,,
EMSR712_AOI06_Leine_Rhume_Rivers_DEL_MONIT04_20231231,EPSG:32632,524880.0,5837580.0,57,27,594720.0,5690700.0,,,,,
EMSR712_AOI06_Leine_Rhume_Rivers_DEL_MONIT05_20240103,EPSG:32632,524880.0,5837580.0,57,27,594720.0,5690700.0,,,,,
EMSR712_AOI06_Leine_Rhume_Rivers_DEL_MONIT06_20240105,EPSG:32632,524880.0,5837580.0,57,27,594720.0,5690700.0,,,,,
EMSR712_AOI06_Leine_Rhume_Rivers_DEL_MONIT07_20240106,EPSG:32632,524880.0,5837580.0,57,27,594720.0,5690700.0,,,,,
EMSR712_AOI06_Leine_Rhume_Rivers_DEL_PRODUCT_20231224,EPSG:32632,524880.0,5837580.0,57,27,594720.0,5690700.0,,,,,
EMSR712_AOI07_Innerste_River_DEL_MONIT01_20231225,EPSG:32632,559170.0,5790870.0,21,15,598050.0,5735340.0,,,,,
EMSR712_AOI07_Innerste_River_DEL_MONIT02_20231227,EPSG:32632,559170.0,5790870.0,21,15,598050.0,5735340.0,,,,,
EMSR712_AOI07_Innerste_River_DEL_MONIT03_20240102,EPSG:32632,559170.0,5790870.0,21,15,598050.0,5735340.0,,,,,
EMSR712_AOI07_Innerste_River_DEL_MONIT04_20240103,EPSG:32632,559170.0,5790870.0,21,15,598050.0,5735340.0,,,,,
EMSR712_AOI07_Innerste_River_DEL_MONIT05_20240105,EPSG:32632,559170.0,5790870.0,21,15,598050.0,5735340.0,,,,,
EMSR712_AOI07_Innerste_River_DEL_MONIT06_20240106,EPSG:32632,559170.0,5790870.0,21,15,598050.0,5735340.0,,,,,
EMSR712_AOI07_Innerste_River_DEL_PRODUCT_20231224,EPSG:32632,559170.0,5790870.0,21,15,598050.0,5735340.0,,,,,
EMSR712_AOI08_Fuhse_River_DEL_MONIT01_20231225,EPSG:32632,575640.0,5822100.0,20,9,601200.0,5769000.0,,,,,
EMSR712_AOI08_Fuhse_River_DEL_MONIT02_20231227,EPSG:32632,575640.0,5822100.0,20,9,601200.0,5769000.0,,,,,
EMSR712_AOI08_Fuhse_River_DEL_MONIT03_20240101,EPSG:32632,575640.0,5822100.0,20,9,601200.0,5769000.0,,,,,
EMSR712_AOI08_Fuhse_River_DEL_MONIT04_20240102,EPSG:32632,575640.0,5822100.0,20,9,601200.0,5769000.0,,,,,
EMSR712_AOI08_Fuhse_River_DEL_MONIT05_20240103,EPSG:32632,575640.0,5822100.0,20,9,601200.0,5769000.0,,,,,
EMSR712_AOI08_Fuhse_River_DEL_MONIT06_20240105,EPSG:32632,575640.0,5822100.0,20,9,601200.0,5769000.0,,,,,
EMSR712_AOI08_Fuhse_River_DEL_MONIT07_20240106,EPSG:32632,575640.0,5822100.0,20,9,601200.0,5769000.0,,,,,
EMSR712_AOI08_Fuhse_River_DEL_PRODUCT_20231224,EPSG:32632,575640.0,5822100.0,20,9,601200.0,5769000.0,,,,,
EMSR712_AOI09_Oker_Schunter_Rivers_DEL_MONIT01_20231226,EPSG:32632,589230.0,5815710.0,30,18,636300.0,5738850.0,,,,,
EMSR712_AOI09_Oker_Schunter_Rivers_DEL_MONIT02_20231229,EPSG:32632,589230.0,5815710.0,30,18,636300.0,5738850.0,,,,,
EMSR712_AOI09_Oker_Schunter_Rivers_DEL_MONIT03_20240101,EPSG:32632,589230.0,5815710.0,30,18,636300.0,5738850.0,,,,,
EMSR712_AOI09_Oker_Schunter_Rivers_DEL_MONIT04_20240103,EPSG:32632,589230.0,5815710.0,30,18,636300.0,5738850.0,,,,,
EMSR712_AOI09_Oker_Schunter_Rivers_DEL_MONIT05_20240106,EPSG:32632,589230.0,5815710.0,30,18,636300.0,5738850.0,,,,,
EMSR712_AOI09_Oker_Schunter_Rivers_DEL_PRODUCT_20231225,EPSG:32632,589230.0,5815710.0,30,18,636300.0,5738850.0,,,,,
EMSR712_AOI10_Berga_DEL_MONIT01_20240105,EPSG:32632,619740.0,5714370.0,12,20,671040.0,5683140.0,,,,,
EMSR712_AOI10_Berga_DEL_MONIT03_20240107,EPSG:32632,619740.0,5714370.0,12,20,671040.0,5683140.0,,,,,
EMSR712_AOI10_Berga_DEL_PRODUCT_20240103,EPSG:32632,619740.0,5714370.0,12,20,671040.0,5683140.0,,,,,
EMSR713_AOI01_Prims_River_DEL_PRODUCT_20240104,EPSG:32632,333090.0,5493510.0,10,8,353880.0,5466870.0,,,,,
EMSR718_AOI02_Lough_Funshinagh_DEL_MONIT01_20240415,EPSG:32629,550710.0,5932170.0,3,4,562680.0,5922720.0,,,,,
EMSR718_AOI02_Lough_Funshinagh_DEL_PRODUCT_20240414,EPSG:32629,550710.0,5931990.0,3,4,562680.0,5922720.0,,,,,
EMSR720_AOI05_Santa_Tereza_GRA_MONIT01_20240515,EPSG:32722,422010.0,6777450.0,3,3,431460.0,6769440.0,,,,,
EMSR721_AOI01_Gorgonzola_GRA_PRODUCT_20240518,EPSG:32632,517680.0,5049090.0,7,8,540540.0,5030100.0,,,,,
EMSR722_AOI01_Blies_DEL_MONIT01_20240519,EPSG:32632,358380.0,5486310.0,17,8,379080.0,5441580.0,,,,,
EMSR722_AOI01_Blies_DEL_MONIT02_20240520,EPSG:32632,358380.0,5486310.0,17,8,379080.0,5441580.0,,,,,
EMSR722_AOI01_Blies_DEL_MONIT03_20240521,EPSG:32632,358380.0,5486310.0,17,8,379080.0,5441580.0,,,,,
EMSR722_AOI01_Blies_DEL_MONIT04_20240522,EPSG:32632,358380.0,5486310.0,17,8,379080.0,5441580.0,,,,,
EMSR722_AOI01_Blies_DEL_PRODUCT_20240518,EPSG:32632,358380.0,5486310.0,17,8,379080.0,5441580.0,,,,,
EMSR722_AOI02_Saar_DEL_MONIT01_20240519,EPSG:32632,320400.0,5493960.0,20,16,361890.0,5441670.0,,,,,
EMSR722_AOI02_Saar_DEL_PRODUCT_20240518,EPSG:32632,320400.0,5493960.0,20,16,361890.0,5441670.0,,,,,
EMSR725_AOI03_Overtornea_DEL_PRODUCT_20240522,EPSG:32634,616050.0,7367220.0,1,1,620190.0,7363440.0,,,,,
EMSR725_AOI03_Overtornea_FEP_PRODUCT_20240520,EPSG:32634,614160.0,7371990.0,4,3,622890.0,7360830.0,,,,,
EMSR725_AOI04_Overkalix_DEL_MONIT01_20240523,EPSG:32634,580410.0,7359390.0,1,1,584460.0,7354890.0,,,,,
EMSR725_AOI04_Overkalix_DEL_PRODUCT_20240522,EPSG:32634,580410.0,7359390.0,1,1,584460.0,7354890.0,,,,,
EMSR725_AOI04_Overkalix_FEP_PRODUCT_20240520,EPSG:32634,580410.0,7359390.0,1,1,584460.0,7354890.0,,,,,
EMSR728_AOI01_Stuttgart_DEL_MONIT01_20240602,EPSG:32632,495630.0,5425200.0,17,18,542070.0,5380470.0,,,,,
EMSR728_AOI01_Stuttgart_DEL_MONIT02_20240603,EPSG:32632,495630.0,5425200.0,17,18,542070.0,5380470.0,,,,,
EMSR728_AOI01_Stuttgart_DEL_PRODUCT_20240601,EPSG:32632,495630.0,5425200.0,17,18,542070.0,5380470.0,,,,,
EMSR728_AOI03_Regensburg_DEL_MONIT01_20240603,EPSG:32633,273420.0,5448060.0,19,33,360450.0,5399280.0,,,,,
EMSR728_AOI03_Regensburg_DEL_MONIT02_20240604,EPSG:32633,273420.0,5448060.0,19,33,360450.0,5399280.0,,,,,
EMSR728_AOI03_Regensburg_DEL_MONIT03_20240605,EPSG:32633,273420.0,5448060.0,19,33,360450.0,5399280.0,,,,,
EMSR728_AOI03_Regensburg_DEL_MONIT04_20240606,EPSG:32633,273420.0,5448060.0,19,33,360450.0,5399280.0,,,,,
EMSR728_AOI03_Regensburg_DEL_MONIT05_20240607,EPSG:32633,273420.0,5448060.0,19,33,360450.0,5399280.0,,,,,
EMSR728_AOI03_Regensburg_DEL_MONIT06_20240608,EPSG:32633,273420.0,5448060.0,19,33,360450.0,5399280.0,,,,,
EMSR728_AOI04_Donauwoerth_DEL_MONIT01_20240603,EPSG:32632,566370.0,5408010.0,22,48,690300.0,5351040.0,,,,,
EMSR728_AOI04_Donauwoerth_DEL_MONIT02_20240604,EPSG:32632,566370.0,5408010.0,22,48,690300.0,5351040.0,,,,,
EMSR728_AOI04_Donauwoerth_DEL_MONIT03_20240606,EPSG:32632,566370.0,5408010.0,22,48,690300.0,5351040.0,,,,,
EMSR728_AOI04_Donauwoerth_DEL_MONIT04_20240607,EPSG:32632,566370.0,5408010.0,22,48,690300.0,5351040.0,,,,,
EMSR728_AOI04_Donauwoerth_DEL_PRODUCT_20240602,EPSG:32632,566370.0,5408010.0,22,48,690300.0,5351040.0,,,,,
EMSR728_AOI05_Landshut_DEL_MONIT01_20240603,EPSG:32633,248580.0,5411610.0,27,42,356580.0,5340510.0,,,,,
EMSR728_AOI05_Landshut_DEL_PRODUCT_20240602,EPSG:32633,248580.0,5411610.0,27,42,356580.0,5340510.0,,,,,
EMSR728_AOI06_Landsberg_am_Lech_DEL_MONIT01_20240603,EPSG:32632,591030.0,5357700.0,29,22,648360.0,5281560.0,,,,,
EMSR728_AOI06_Landsberg_am_Lech_DEL_PRODUCT_20240602,EPSG:32632,591030.0,5357700.0,29,22,648360.0,5281560.0,,,,,
EMSR728_AOI07_Weiden_in_der_Oberpfalz_DEL_MONIT01_20240603,EPSG:32633,276030.0,5526900.0,30,11,305190.0,5447790.0,,,,,
EMSR728_AOI07_Weiden_in_der_Oberpfalz_DEL_MONIT02_20240605,EPSG:32633,276030.0,5526900.0,30,11,305190.0,5447790.0,,,,,
EMSR728_AOI07_Weiden_in_der_Oberpfalz_DEL_MONIT03_20240606,EPSG:32633,284400.0,5481630.0,13,6,302220.0,5447880.0,,,,,
EMSR728_AOI08_Cham_DEL_MONIT01_20240603,EPSG:32633,295560.0,5462910.0,32,45,411840.0,5379660.0,,,,,
EMSR728_AOI08_Cham_DEL_PRODUCT_20240602,EPSG:32633,295560.0,5462910.0,32,45,411840.0,5379660.0,,,,,
EMSR728_AOI09_Bogen_GRA_PRODUCT_20240610,EPSG:32633,321750.0,5424660.0,4,4,334530.0,5413680.0,,,,,
EMSR750_AOI01_Arbaat_Dam_GRA_PRODUCT_20240829,EPSG:32637,283500.0,2196450.0,1,2,290340.0,2192760.0,,,,,
EMSR750_AOI02_Khor_Maluqirm_GRA_MONIT01_20240901,EPSG:32637,291780.0,2194110.0,1,3,299970.0,2189700.0,,,,,
EMSR750_AOI02_Khor_Maluqirm_GRA_PRODUCT_20240829,EPSG:32637,291780.0,2194110.0,1,3,299970.0,2189700.0,,,,,
EMSR750_AOI05_Port_Sudan_GRA_PRODUCT_20240828,EPSG:32637,300510.0,2184840.0,4,4,313200.0,2172240.0,,,,,
EMSR753_AOI01_Maiduguri_GRA_MONIT01_20240912,EPSG:32633,294570.0,1315800.0,7,7,314460.0,1295730.0,,,,,
EMSR753_AOI01_Maiduguri_GRA_PRODUCT_20240911,EPSG:32633,296370.0,1311930.0,6,6,313560.0,1295820.0,,,,,
EMSR754_AOI01_Co_Tiet_DEL_PRODUCT_20240914,EPSG:32648,523530.0,2361330.0,4,3,532890.0,2348910.0,,,,,
EMSR754_AOI02_Nong_Trang_DEL_PRODUCT_20240913,EPSG:32648,532440.0,2367810.0,8,7,552600.0,2346390.0,,,,,
EMSR754_AOI03_Hanoi_DEL_PRODUCT_20240914,EPSG:32648,574830.0,2336310.0,10,9,598230.0,2310210.0,,,,,
EMSR754_AOI04_Ha_Long_DEL_PRODUCT_20240913,EPSG:32648,704340.0,2330910.0,6,9,727380.0,2315520.0,,,,,
EMSR754_AOI05_Hai_Phong_DEL_PRODUCT_20240914,EPSG:32648,667170.0,2313540.0,11,12,700110.0,2285280.0,,,,,
EMSR754_AOI06_Thai_Binh_DEL_PRODUCT_20240920,EPSG:32648,630000.0,2269890.0,5,7,648450.0,2255310.0,,,,,
EMSR754_AOI07_Nam_Dinh_DEL_PRODUCT_20240914,EPSG:32648,617850.0,2267370.0,6,4,630450.0,2251980.0,,,,,
EMSR754_AOI08_Thanh_Hoa_DEL_PRODUCT_20240914,EPSG:32648,575730.0,2199690.0,5,5,589770.0,2184750.0,,,,,
EMSR754_AOI09_Ninh_Binh_DEL_PRODUCT_20240914,EPSG:32648,588960.0,2253420.0,9,10,614790.0,2229480.0,,,,,
EMSR754_AOI10_Hai_Duong_DEL_PRODUCT_20240914,EPSG:32648,624060.0,2324880.0,6,7,644310.0,2309220.0,,,,,
EMSR754_AOI11_Chi_Linh_DEL_PRODUCT_20240914,EPSG:32648,615600.0,2347380.0,7,10,643590.0,2327490.0,,,,,
EMSR755_AOI01_Guben_DEL_MONIT01_20240917,EPSG:32633,470160.0,5778720.0,25,5,484470.0,5714010.0,,,,,
EMSR756_AOI01_Swidnica_DEL_MONIT01_20240917,EPSG:32633,553230.0,5686110.0,32,43,665460.0,5602320.0,,,,,
EMSR756_AOI01_Swidnica_DEL_MONIT02_20240918,EPSG:32633,553230.0,5686110.0,32,43,665460.0,5602320.0,,,,,
EMSR756_AOI01_Swidnica_DEL_PRODUCT_20240914,EPSG:32633,553230.0,5686110.0,32,43,665460.0,5602320.0,,,,,
EMSR756_AOI02_Jelenia_Gora_DEL_MONIT01_20240916,EPSG:32633,543330.0,5646960.0,11,16,584730.0,5618340.0,,,,,
EMSR756_AOI02_Jelenia_Gora_DEL_MONIT02_20240917,EPSG:32633,543330.0,5646960.0,11,16,584730.0,5618340.0,,,,,
EMSR756_AOI02_Jelenia_Gora_DEL_PRODUCT_20240914,EPSG:32633,543330.0,5646960.0,11,16,584730.0,5618340.0,,,,,
EMSR756_AOI03_Nysa_DEL_MONIT01_20240918,EPSG:32633,580860.0,5621400.0,26,51,713700.0,5552820.0,,,,,
EMSR756_AOI03_Nysa_DEL_MONIT02_20240921,EPSG:32633,580860.0,5621400.0,26,51,713700.0,5552820.0,,,,,
EMSR756_AOI03_Nysa_DEL_PRODUCT_20240915,EPSG:32633,580860.0,5621400.0,26,51,713700.0,5552820.0,,,,,
EMSR756_AOI04_Raciborz_DEL_MONIT01_20240918,EPSG:32634,283410.0,5574600.0,20,15,322740.0,5523390.0,,,,,
EMSR756_AOI04_Raciborz_DEL_MONIT02_20240920,EPSG:32634,283410.0,5574600.0,20,15,322740.0,5523390.0,,,,,
EMSR756_AOI04_Raciborz_DEL_PRODUCT_20240916,EPSG:32634,283410.0,5574600.0,20,15,322740.0,5523390.0,,,,,
EMSR756_AOI05_Ostrava_DEL_MONIT01_20240918,EPSG:32634,279810.0,5538240.0,6,11,308250.0,5521140.0,,,,,
EMSR756_AOI05_Ostrava_DEL_MONIT02_20240920,EPSG:32634,279810.0,5538240.0,6,11,308250.0,5521140.0,,,,,
EMSR756_AOI05_Ostrava_DEL_PRODUCT_20240916,EPSG:32634,279810.0,5538240.0,6,11,308250.0,5521140.0,,,,,
EMSR756_AOI06_Wroclaw_DEL_MONIT01_20240921,EPSG:32633,613800.0,5687730.0,46,47,736560.0,5567760.0,,,,,
EMSR756_AOI06_Wroclaw_DEL_PRODUCT_20240918,EPSG:32633,613800.0,5687730.0,46,47,736560.0,5567760.0,,,,,
EMSR756_AOI07_Scinawa_DEL_MONIT01_20240920,EPSG:32633,596880.0,5705190.0,7,3,604620.0,5685030.0,,,,,
EMSR756_AOI07_Scinawa_DEL_PRODUCT_20240918,EPSG:32633,596880.0,5705190.0,7,3,604620.0,5685030.0,,,,,
EMSR756_AOI08_Glogow_DEL_MONIT01_20240921,EPSG:32633,545670.0,5749470.0,14,22,603630.0,5711580.0,,,,,
EMSR756_AOI08_Glogow_DEL_PRODUCT_20240917,EPSG:32633,545670.0,5749470.0,14,22,603630.0,5711580.0,,,,,
EMSR756_AOI09_Boleslawiec_DEL_PRODUCT_20240921,EPSG:32633,529830.0,5718690.0,25,8,550350.0,5652900.0,,,,,
EMSR756_AOI10_Nowogrod_Bobrzanski_DEL_PRODUCT_20240918,EPSG:32633,512550.0,5744970.0,11,4,525060.0,5715180.0,,,,,
EMSR756_AOI11_Krosno_Odrzanskie_DEL_PRODUCT_20240918,EPSG:32633,500490.0,5770800.0,7,5,513360.0,5750910.0,,,,,
EMSR756_AOI13_Klodzko_GRA_PRODUCT_20240923,EPSG:32633,614790.0,5594220.0,3,2,621990.0,5586300.0,,,,,
EMSR756_AOI14_Bystrzyca_Klodzca_GRA_PRODUCT_20240923,EPSG:32633,614160.0,5575860.0,2,1,618750.0,5569290.0,,,,,
EMSR756_AOI15_Paczkow_GRA_MONIT01_20240924,EPSG:32633,639090.0,5595120.0,2,3,647100.0,5588640.0,,,,,
EMSR756_AOI15_Paczkow_GRA_PRODUCT_20240923,EPSG:32633,639090.0,5595120.0,2,3,647100.0,5588640.0,,,,,
EMSR756_AOI16_Nysa_city_GRA_PRODUCT_20240924,EPSG:32633,660150.0,5597730.0,2,4,671490.0,5590080.0,,,,,
EMSR756_AOI17_Kamieniec_Zabkowicki_GRA_PRODUCT_20240923,EPSG:32633,621090.0,5601420.0,2,7,639270.0,5595390.0,,,,,
EMSR756_AOI18_Ladek_Zdroj_GRA_PRODUCT_20240925,EPSG:32633,621900.0,5581710.0,2,5,635490.0,5576580.0,,,,,
EMSR756_AOI19_Stronie_Slaskie_GRA_MONIT01_20240925,EPSG:32633,628650.0,5577570.0,3,4,641160.0,5567400.0,,,,,
EMSR756_AOI19_Stronie_Slaskie_GRA_PRODUCT_20240923,EPSG:32633,628650.0,5577570.0,3,4,641160.0,5567400.0,,,,,
EMSR756_AOI20_Glucholazy_GRA_PRODUCT_20240924,EPSG:32633,665460.0,5584860.0,4,2,672390.0,5573520.0,,,,,
EMSR757_AOI01_Morava_DEL_MONIT01_20240916,EPSG:32633,633150.0,5419260.0,37,16,674640.0,5322240.0,,,,,
EMSR757_AOI01_Morava_DEL_MONIT02_20240918,EPSG:32633,633150.0,5419260.0,37,16,674640.0,5322240.0,,,,,
EMSR757_AOI01_Morava_DEL_MONIT03_20240919,EPSG:32633,633150.0,5419260.0,37,16,674640.0,5322240.0,,,,,
EMSR757_AOI01_Morava_DEL_PRODUCT_20240915,EPSG:32633,633150.0,5419260.0,37,16,674640.0,5322240.0,,,,,
EMSR757_AOI02_Myjava_DEL_MONIT01_20240918,EPSG:32633,653760.0,5410530.0,12,15,694620.0,5377680.0,,,,,
EMSR758_AOI03_Pechea_DEL_MONIT01_20240917,EPSG:32635,547830.0,5065380.0,12,7,567810.0,5034240.0,,,,,
EMSR758_AOI03_Pechea_DEL_PRODUCT_20240915,EPSG:32635,547830.0,5065380.0,12,7,567810.0,5034240.0,,,,,
EMSR758_AOI03_Pechea_FEP_PRODUCT_20240914,EPSG:32635,547830.0,5065380.0,12,7,567810.0,5034240.0,,,,,
EMSR759_AOI01_Esztergom_DEL_MONIT01_20240921,EPSG:32634,322380.0,5302800.0,11,17,366030.0,5273640.0,,,,,
EMSR759_AOI01_Esztergom_DEL_PRODUCT_20240918,EPSG:32634,322380.0,5302800.0,11,17,366030.0,5273640.0,,,,,
EMSR759_AOI02_Komarno_DEL_MONIT01_20240921,EPSG:32634,255960.0,5303610.0,7,17,301680.0,5285070.0,,,,,
EMSR759_AOI02_Komarno_DEL_PRODUCT_20240918,EPSG:32634,255960.0,5303610.0,7,17,301680.0,5285070.0,,,,,
EMSR761_AOI01_Dresden_DEL_MONIT01_20240920,EPSG:32633,397890.0,5670990.0,10,12,429480.0,5643360.0,,,,,
EMSR761_AOI01_Dresden_DEL_MONIT02_20240922,EPSG:32633,397890.0,5670990.0,10,12,429480.0,5643360.0,,,,,
EMSR761_AOI01_Dresden_DEL_PRODUCT_20240919,EPSG:32633,397890.0,5670990.0,10,12,429480.0,5643360.0,,,,,
EMSR762_AOI01_Brisighella_DEL_PRODUCT_20240920,EPSG:32632,701460.0,4932900.0,20,27,771300.0,4881330.0,,,,,
EMSR762_AOI02_Idice_DEL_MONIT01_20240920,EPSG:32632,684540.0,4946760.0,14,19,733590.0,4909590.0,,,,,
EMSR762_AOI02_Idice_DEL_PRODUCT_20240919,EPSG:32632,684540.0,4946760.0,14,19,733590.0,4909590.0,,,,,
EMSR762_AOI03_Castel_Bolognese_DEL_MONIT01_20240920,EPSG:32632,697860.0,4937490.0,14,22,754920.0,4899330.0,,,,,
EMSR762_AOI03_Castel_Bolognese_DEL_PRODUCT_20240919,EPSG:32632,697860.0,4937490.0,14,22,754920.0,4899330.0,,,,,
EMSR762_AOI04_Molinella_GRA_MONIT01_20240925,EPSG:32632,703710.0,4942350.0,4,9,728910.0,4930110.0,,,,,
EMSR762_AOI04_Molinella_GRA_PRODUCT_20240922,EPSG:32632,703710.0,4942080.0,4,9,727830.0,4930470.0,,,,,
EMSR762_AOI06_Bagnacavallo_GRA_PRODUCT_20240922,EPSG:32632,728730.0,4934700.0,7,7,747900.0,4914630.0,,,,,
EMSR762_AOI07_Forli_GRA_PRODUCT_20240925,EPSG:32633,256320.0,4912560.0,5,4,267840.0,4898880.0,,,,,
EMSR763_AOI01_BRANDENBURG_DEL_MONIT01_20240925,EPSG:32633,422550.0,5904000.0,56,24,484470.0,5758200.0,,,,,
EMSR763_AOI01_BRANDENBURG_DEL_MONIT02_20240926,EPSG:32633,422550.0,5904000.0,56,24,484470.0,5758200.0,,,,,
EMSR763_AOI01_BRANDENBURG_DEL_MONIT03_20240928,EPSG:32633,422280.0,5904090.0,57,24,484470.0,5758020.0,,,,,
EMSR763_AOI01_BRANDENBURG_DEL_MONIT04_20240930,EPSG:32633,422280.0,5904090.0,57,24,484470.0,5758020.0,,,,,
EMSR763_AOI01_BRANDENBURG_DEL_MONIT06_20241004,EPSG:32633,422280.0,5904090.0,57,24,484470.0,5758020.0,,,,,
EMSR763_AOI01_BRANDENBURG_DEL_MONIT07_20241006,EPSG:32633,422280.0,5904090.0,57,24,484470.0,5758020.0,,,,,
EMSR763_AOI01_BRANDENBURG_DEL_MONIT08_20241007,EPSG:32633,422280.0,5904090.0,57,24,484470.0,5758020.0,,,,,
EMSR763_AOI01_BRANDENBURG_DEL_PRODUCT_20240923,EPSG:32633,422550.0,5904000.0,56,24,484470.0,5758200.0,,,,,
EMSR764_AOI01_Mank_GRA_PRODUCT_20240923,EPSG:32633,517500.0,5330430.0,6,5,532800.0,5315040.0,,,,,
EMSR764_AOI02_Lilienfeld_GRA_PRODUCT_20240923,EPSG:32633,532530.0,5330700.0,6,5,547830.0,5315310.0,,,,,
EMSR764_AOI03_Gaming_GRA_PRODUCT_20240923,EPSG:32633,502740.0,5315130.0,5,6,518130.0,5299830.0,,,,,
EMSR764_AOI04_Frankenfels_GRA_MONIT01_20240930,EPSG:32633,517770.0,5315400.0,5,6,533340.0,5300100.0,,,,,
EMSR764_AOI04_Frankenfels_GRA_PRODUCT_20240923,EPSG:32633,517770.0,5315400.0,5,5,533070.0,5300100.0,,,,,
EMSR766_AOI01_Osijek_DEL_MONIT01_20240927,EPSG:32634,311670.0,5088240.0,19,16,352800.0,5037210.0,,,,,
EMSR766_AOI01_Osijek_DEL_MONIT02_20240929,EPSG:32634,311670.0,5088240.0,19,16,352800.0,5037210.0,,,,,
EMSR766_AOI01_Osijek_DEL_PRODUCT_20240925,EPSG:32634,311670.0,5088240.0,19,16,352800.0,5037210.0,,,,,
EMSR766_AOI02_Vukovar_DEL_MONIT01_20240927,EPSG:32634,319860.0,5040270.0,14,22,378720.0,5002380.0,,,,,
EMSR766_AOI02_Vukovar_DEL_MONIT02_20240929,EPSG:32634,319860.0,5040270.0,14,22,378720.0,5002380.0,,,,,
EMSR766_AOI02_Vukovar_DEL_PRODUCT_20240925,EPSG:32634,319860.0,5040270.0,14,22,378720.0,5002380.0,,,,,
EMSR768_AOI01_Petrinja_DEL_MONIT01_20241005,EPSG:32633,546570.0,5046750.0,6,25,610830.0,5029290.0,,,,,
EMSR768_AOI01_Petrinja_DEL_MONIT02_20241008,EPSG:32633,546570.0,5046750.0,6,25,610830.0,5029290.0,,,,,
EMSR768_AOI01_Petrinja_DEL_MONIT03_20241009,EPSG:32633,546570.0,5046750.0,6,25,610830.0,5029290.0,,,,,
EMSR768_AOI01_Petrinja_DEL_PRODUCT_20241004,EPSG:32633,546570.0,5046750.0,6,25,610830.0,5029290.0,,,,,
EMSR768_AOI02_Karlovac_DEL_PRODUCT_20241004,EPSG:32633,499050.0,5056020.0,19,19,548100.0,5005620.0,,,,,
EMSR770_AOI01_Konjic_DEL_MONIT01_20241007,EPSG:32633,715410.0,4847760.0,4,9,740430.0,4834980.0,,,,,
EMSR770_AOI01_Konjic_GRA_PRODUCT_20241008,EPSG:32633,712620.0,4851360.0,5,8,735210.0,4838130.0,,,,,
EMSR770_AOI02_Jablanica_GRA_MONIT01_20241007,EPSG:32633,718830.0,4840920.0,3,2,724950.0,4831920.0,,,,,
EMSR770_AOI02_Jablanica_GRA_MONIT02_20241008,EPSG:32633,714510.0,4841010.0,7,4,726300.0,4821030.0,,,,,
EMSR770_AOI02_Jablanica_GRA_PRODUCT_20241006,EPSG:32633,719280.0,4840920.0,3,2,724860.0,4832640.0,,,,,
EMSR770_AOI03_Bakovici_GRA_PRODUCT_20241008,EPSG:32633,733590.0,4870260.0,3,1,738180.0,4861350.0,,,,,
EMSR771_AOI01_Budrio_Molinella_DEL_MONIT01_20241022,EPSG:32632,695340.0,4957110.0,15,14,731700.0,4917330.0,,,,,
EMSR771_AOI01_Budrio_Molinella_DEL_MONIT02_20241024,EPSG:32632,695340.0,4957110.0,15,14,731700.0,4917330.0,,,,,
EMSR771_AOI01_Budrio_Molinella_DEL_MONIT03_20241025,EPSG:32632,695340.0,4957110.0,15,14,731700.0,4917330.0,,,,,
EMSR771_AOI01_Budrio_Molinella_DEL_PRODUCT_20241020,EPSG:32632,695340.0,4957110.0,15,14,731700.0,4917330.0,,,,,
EMSR771_AOI04_Idice_DEL_PRODUCT_20241021,EPSG:32632,696150.0,4930020.0,4,2,702000.0,4918680.0,,,,,
EMSR771_AOI05_Cento_DEL_PRODUCT_20241021,EPSG:32632,663120.0,4966020.0,15,10,689400.0,4927320.0,,,,,
EMSR771_AOI06_Reggio_Emilia_DEL_MONIT02_20241024,EPSG:32632,613710.0,4975740.0,12,10,641520.0,4942980.0,,,,,
EMSR771_AOI06_Reggio_Emilia_DEL_MONIT03_20241025,EPSG:32632,613710.0,4975740.0,12,10,641520.0,4942980.0,,,,,
EMSR771_AOI06_Reggio_Emilia_DEL_PRODUCT_20241020,EPSG:32632,613710.0,4975740.0,12,10,641520.0,4942980.0,,,,,
EMSR771_AOI07_Modena_DEL_PRODUCT_20241021,EPSG:32632,636480.0,4973400.0,16,12,669420.0,4931460.0,,,,,
EMSR771_AOI08_Colorno_DEL_MONIT01_20241022,EPSG:32632,580320.0,4998600.0,13,22,636840.0,4963860.0,,,,,
EMSR771_AOI08_Colorno_DEL_MONIT02_20241024,EPSG:32632,580320.0,4998600.0,13,22,636840.0,4963860.0,,,,,
EMSR771_AOI08_Colorno_DEL_MONIT03_20241025,EPSG:32632,580320.0,4998600.0,13,22,636840.0,4963860.0,,,,,
EMSR771_AOI08_Colorno_DEL_PRODUCT_20241020,EPSG:32632,580320.0,4998600.0,13,22,636840.0,4963860.0,,,,,
EMSR772_AOI01_Yagoua_DEL_PRODUCT_20241024,EPSG:32633,440820.0,1208880.0,43,52,574740.0,1098360.0,,,,,
EMSR772_AOI02_Makari_DEL_PRODUCT_20241024,EPSG:32633,400230.0,1446570.0,43,35,490410.0,1333980.0,,,,,
EMSR772_AOI03_Waza_DEL_PRODUCT_20241024,EPSG:32633,427320.0,1343520.0,58,34,515880.0,1194120.0,,,,,
EMSR773_AOI01_Valencia_province_DEL_MONIT01_20241103,EPSG:32630,627300.0,4431060.0,56,52,762660.0,4287060.0,,,,,
EMSR773_AOI01_Valencia_province_DEL_MONIT03_20241106,EPSG:32630,627300.0,4431060.0,56,52,762660.0,4287060.0,,,,,
EMSR773_AOI01_Valencia_province_DEL_MONIT04_20241108,EPSG:32630,627300.0,4431060.0,56,52,762660.0,4287060.0,,,,,
EMSR773_AOI01_Valencia_province_DEL_PRODUCT_20241031,EPSG:32630,627300.0,4431060.0,56,52,762660.0,4287060.0,,,,,
EMSR773_AOI02_Plana_de_Utiel_DEL_PRODUCT_20241031,EPSG:32630,643950.0,4386600.0,6,9,668070.0,4368870.0,,,,,
EMSR773_AOI03_Horta_Sud_DEL_PRODUCT_20241031,EPSG:32630,707220.0,4375620.0,6,7,725310.0,4359060.0,,,,,
EMSR773_AOI04_Algemesi_DEL_PRODUCT_20241031,EPSG:32630,707040.0,4353210.0,6,7,725580.0,4337550.0,,,,,
EMSR773_AOI05_Letur_GRA_PRODUCT_20241106,EPSG:32630,576000.0,4250520.0,2,2,582570.0,4244580.0,,,,,
EMSR773_AOI06_Castellon_province_DEL_MONIT01_20241108,EPSG:32631,238320.0,4506300.0,16,20,290970.0,4463550.0,,,,,
EMSR773_AOI07_Fuenterrobles_GRA_PRODUCT_20241031,EPSG:32630,639270.0,4384710.0,1,1,642060.0,4381740.0,,,,,
EMSR773_AOI08_Caudete_de_las_Fuentes_GRA_PRODUCT_20241102,EPSG:32630,646200.0,4381650.0,1,1,649440.0,4378410.0,,,,,
EMSR773_AOI09_Chera_GRA_PRODUCT_20241031,EPSG:32630,672300.0,4385970.0,1,1,675720.0,4382910.0,,,,,
EMSR773_AOI10_Cheste_GRA_PRODUCT_20241110,EPSG:32630,694080.0,4376880.0,2,3,703890.0,4369230.0,,,,,
EMSR773_AOI12_Godelleta_GRA_PRODUCT_20241110,EPSG:32630,696780.0,4368420.0,1,1,701100.0,4364640.0,,,,,
EMSR773_AOI13_Monserrat_GRA_PRODUCT_20241111,EPSG:32630,703170.0,4362120.0,1,2,709740.0,4357350.0,,,,,
EMSR773_AOI15_Alhaurin_de_la_Torre_GRA_PRODUCT_20241115,EPSG:32630,352890.0,4065120.0,4,4,365220.0,4054860.0,,,,,
EMSR773_AOI16_Benicull_de_Xuquer_GRA_PRODUCT_20241111,EPSG:32630,723240.0,4343310.0,3,3,731520.0,4335210.0,,,,,
EMSR773_AOI17_Alzira_GRA_PRODUCT_20241111,EPSG:32630,716400.0,4345020.0,3,3,726390.0,4334940.0,,,,,
EMSR773_AOI18_Alginet_GRA_PRODUCT_20241111,EPSG:32630,712530.0,4352670.0,4,2,719460.0,4341870.0,,,,,
EMSR773_AOI20_Montroi_GRA_PRODUCT_20241111,EPSG:32630,704430.0,4358070.0,1,1,707760.0,4354470.0,,,,,
EMSR773_AOI21_Turis_GRA_PRODUCT_20241111,EPSG:32630,695160.0,4363380.0,1,1,699300.0,4359060.0,,,,,
EMSR773_AOI22_Bunol_GRA_PRODUCT_20241111,EPSG:32630,689310.0,4370040.0,3,2,694980.0,4362030.0,,,,,
EMSR773_AOI27_Requena_GRA_PRODUCT_20241118,EPSG:32630,652050.0,4383540.0,4,5,665820.0,4370760.0,,,,,
EMSR773_AOI29_El_Mas_del_Moro_GRA_PRODUCT_20241118,EPSG:32630,703440.0,4383360.0,1,2,710100.0,4379220.0,,,,,
EMSR773_AOI30_Valencia_Sud_GRA_PRODUCT_20241117,EPSG:32630,717480.0,4360500.0,4,3,726930.0,4349610.0,,,,,
EMSR773_AOI31_Cases_Del_Riu_GRA_PRODUCT_20241111,EPSG:32630,692280.0,4359780.0,1,4,705060.0,4356090.0,,,,,
EMSR773_AOI34_Camporrobles_GRA_PRODUCT_20241111,EPSG:32630,636030.0,4391370.0,1,1,638640.0,4388670.0,,,,,
EMSR773_AOI36_Paterna_GRA_PRODUCT_20241118,EPSG:32630,714150.0,4378680.0,2,3,723330.0,4371030.0,,,,,
EMSR774_AOI01_Tlacotalpan_DEL_MONIT01_20241030,EPSG:32615,174510.0,2097900.0,63,44,287730.0,1935000.0,,,,,
EMSR774_AOI01_Tlacotalpan_DEL_MONIT02_20241101,EPSG:32615,174510.0,2097900.0,63,44,287730.0,1935000.0,,,,,
EMSR774_AOI01_Tlacotalpan_DEL_MONIT03_20241104,EPSG:32615,174510.0,2097900.0,63,44,287730.0,1935000.0,,,,,
EMSR774_AOI01_Tlacotalpan_DEL_MONIT04_20241107,EPSG:32615,175590.0,2088180.0,41,39,276930.0,1981890.0,,,,,
EMSR774_AOI01_Tlacotalpan_DEL_PRODUCT_20241029,EPSG:32615,174510.0,2097900.0,63,44,287730.0,1935000.0,,,,,
EMSR774_AOI02_Minatitlan_DEL_MONIT01_20241103,EPSG:32615,259290.0,2068920.0,64,49,384930.0,1897290.0,,,,,
EMSR774_AOI02_Minatitlan_DEL_MONIT02_20241105,EPSG:32615,259290.0,2068920.0,64,49,384930.0,1897290.0,,,,,
EMSR774_AOI02_Minatitlan_DEL_MONIT03_20241108,EPSG:32615,275850.0,2018880.0,46,41,383130.0,1898910.0,,,,,
EMSR775_AOI11_Viksdalen_DEL_PRODUCT_20241105,EPSG:32632,346590.0,6805170.0,1,2,352980.0,6800400.0,,,,,
EMSR776_AOI01_Tonosi_DEL_MONIT01_20241108,EPSG:32617,553500.0,832050.0,8,8,575910.0,810810.0,,,,,
EMSR776_AOI01_Tonosi_DEL_PRODUCT_20241106,EPSG:32617,553500.0,832050.0,8,8,575910.0,810810.0,,,,,
EMSR779_AOI01_Yagoua_DEL_PRODUCT_20241123,EPSG:32633,440820.0,1208880.0,43,52,574740.0,1098360.0,,,,,
EMSR779_AOI02_Makari_DEL_PRODUCT_20241123,EPSG:32633,400230.0,1446570.0,43,35,490410.0,1333980.0,,,,,
EMSR779_AOI03_Waza_DEL_PRODUCT_20241123,EPSG:32633,427320.0,1343520.0,58,34,515880.0,1194120.0,,,,,
EMSR783_AOI01_Aviemore_DEL_PRODUCT_20241231,EPSG:32630,425250.0,6394230.0,30,28,498240.0,6316740.0,,,,,
EMSR783_AOI03_Crieff_DEL_PRODUCT_20250101,EPSG:32630,429300.0,6251850.0,4,18,476820.0,6241590.0,,,,,
EMSR783_AOI04_Aberfoyle_DEL_PRODUCT_20250101,EPSG:32630,410490.0,6228450.0,3,12,441630.0,6219180.0,,,,,
EMSR788_AOI01_Ille_et_vilaine_DEL_MONIT01_20250201,EPSG:32630,555750.0,5332590.0,27,24,617850.0,5263290.0,,,,,
EMSR788_AOI01_Ille_et_vilaine_DEL_MONIT02_20250202,EPSG:32630,555750.0,5332590.0,27,24,617850.0,5263290.0,,,,,
EMSR788_AOI01_Ille_et_vilaine_DEL_MONIT03_20250203,EPSG:32630,588600.0,5324310.0,15,11,617490.0,5283810.0,,,,,
EMSR788_AOI01_Ille_et_vilaine_DEL_MONIT04_20250204,EPSG:32630,574200.0,5332590.0,22,16,617670.0,5274180.0,,,,,
EMSR788_AOI01_Ille_et_vilaine_DEL_MONIT05_20250205,EPSG:32630,574200.0,5332590.0,22,16,617670.0,5274180.0,,,,,
EMSR788_AOI01_Ille_et_vilaine_DEL_PRODUCT_20250130,EPSG:32630,555750.0,5332590.0,27,24,617850.0,5263290.0,,,,,
EMSR788_AOI02_Rennes_DEL_MONIT01_20250202,EPSG:32630,590670.0,5332050.0,3,3,600030.0,5322780.0,,,,,
EMSR788_AOI02_Rennes_DEL_MONIT02_20250203,EPSG:32630,590670.0,5332050.0,3,3,600030.0,5322780.0,,,,,
EMSR788_AOI02_Rennes_DEL_PRODUCT_20250130,EPSG:32630,590760.0,5332050.0,3,3,600030.0,5322960.0,,,,,
EMSR788_AOI03_Bruz_DEL_MONIT01_20250202,EPSG:32630,587160.0,5325300.0,3,7,605880.0,5316750.0,,,,,
EMSR788_AOI03_Bruz_DEL_MONIT02_20250203,EPSG:32630,587160.0,5325300.0,3,7,605880.0,5316750.0,,,,,
EMSR788_AOI03_Bruz_DEL_PRODUCT_20250130,EPSG:32630,587160.0,5325300.0,3,7,605880.0,5316750.0,,,,,
EMSR788_AOI04_Guichen_DEL_MONIT01_20250131,EPSG:32630,587610.0,5317380.0,7,3,595620.0,5298120.0,,,,,
EMSR788_AOI04_Guichen_DEL_MONIT02_20250202,EPSG:32630,587610.0,5317380.0,7,3,595620.0,5298120.0,,,,,
EMSR788_AOI04_Guichen_DEL_MONIT03_20250203,EPSG:32630,587610.0,5317380.0,7,3,595620.0,5298120.0,,,,,
EMSR788_AOI04_Guichen_DEL_PRODUCT_20250130,EPSG:32630,587610.0,5317380.0,7,3,595620.0,5298120.0,,,,,
EMSR788_AOI05_Guipry_messac_DEL_MONIT01_20250131,EPSG:32630,578610.0,5298570.0,9,6,594360.0,5273370.0,,,,,
EMSR788_AOI05_Guipry_messac_DEL_MONIT02_20250203,EPSG:32630,578610.0,5298570.0,9,6,594360.0,5273370.0,,,,,
EMSR788_AOI05_Guipry_messac_DEL_PRODUCT_20250130,EPSG:32630,578610.0,5298570.0,9,6,594360.0,5273370.0,,,,,
EMSR788_AOI06_Redon_DEL_MONIT01_20250201,EPSG:32630,546210.0,5299110.0,17,15,586170.0,5254110.0,,,,,
EMSR788_AOI06_Redon_DEL_MONIT02_20250203,EPSG:32630,546210.0,5299110.0,17,15,586170.0,5254110.0,,,,,
EMSR788_AOI06_Redon_DEL_MONIT03_20250204,EPSG:32630,546210.0,5299110.0,17,15,586170.0,5254110.0,,,,,
EMSR788_AOI06_Redon_DEL_MONIT04_20250205,EPSG:32630,546210.0,5299110.0,17,15,586170.0,5254110.0,,,,,
EMSR788_AOI06_Redon_DEL_PRODUCT_20250131,EPSG:32630,546210.0,5299110.0,17,15,586170.0,5254110.0,,,,,
EMSR789_AOI01_Tosagua_DEL_MONIT01_20250227,EPSG:32717,577890.0,9925560.0,10,7,597600.0,9899640.0,,,,,
EMSR789_AOI01_Tosagua_DEL_MONIT02_20250301,EPSG:32717,577890.0,9925560.0,10,7,597600.0,9899640.0,,,,,
EMSR789_AOI01_Tosagua_DEL_MONIT03_20250302,EPSG:32717,577890.0,9925560.0,10,7,597600.0,9899640.0,,,,,
EMSR789_AOI01_Tosagua_DEL_MONIT04_20250303,EPSG:32717,577890.0,9925560.0,10,7,597600.0,9899640.0,,,,,
EMSR789_AOI01_Tosagua_DEL_MONIT05_20250308,EPSG:32717,577890.0,9925560.0,10,7,597600.0,9899640.0,,,,,
EMSR789_AOI01_Tosagua_DEL_PRODUCT_20250224,EPSG:32717,577890.0,9925560.0,10,7,597600.0,9899640.0,,,,,
EMSR789_AOI02_Portoviejo_DEL_MONIT01_20250227,EPSG:32717,550440.0,9918270.0,15,7,569610.0,9878760.0,,,,,
EMSR789_AOI02_Portoviejo_DEL_MONIT02_20250301,EPSG:32717,550440.0,9918270.0,15,7,569610.0,9878760.0,,,,,
EMSR789_AOI02_Portoviejo_DEL_MONIT03_20250302,EPSG:32717,550440.0,9918270.0,15,7,569610.0,9878760.0,,,,,
EMSR789_AOI02_Portoviejo_DEL_MONIT04_20250303,EPSG:32717,550440.0,9918270.0,15,7,569610.0,9878760.0,,,,,
EMSR789_AOI02_Portoviejo_DEL_MONIT05_20250311,EPSG:32717,550440.0,9918270.0,15,7,569610.0,9878760.0,,,,,
EMSR789_AOI02_Portoviejo_DEL_PRODUCT_20250224,EPSG:32717,550440.0,9918270.0,15,7,569610.0,9878760.0,,,,,
EMSR789_AOI05_Poza_Honda_dam_DEL_MONIT01_20250311,EPSG:32717,560700.0,9881010.0,6,15,599670.0,9864360.0,,,,,
EMSR789_AOI05_Poza_Honda_dam_DEL_PRODUCT_20250303,EPSG:32717,560700.0,9881010.0,6,15,599670.0,9864360.0,,,,,
EMSR789_AOI06_Pinas_GRA_PRODUCT_20250307,EPSG:32717,640980.0,9597240.0,3,4,652050.0,9588690.0,,,,,
EMSR789_AOI11_Olmedo_GRA_PRODUCT_20250311,EPSG:32717,648180.0,9569430.0,2,1,651780.0,9563400.0,,,,,
EMSR794_AOI01_Talavera_de_la_Reina_DEL_PRODUCT_20250313,EPSG:32630,336060.0,4464630.0,19,24,399510.0,4415310.0,,,,,
EMSR794_AOI01_Talavera_de_la_Reina_FEP_PRODUCT_20250310,EPSG:32630,336060.0,4464630.0,19,24,399510.0,4415310.0,,,,,
EMSR794_AOI02_Guadalajara_FEP_PRODUCT_20250311,EPSG:32630,473040.0,4521690.0,14,7,491490.0,4485330.0,,,,,
EMSR795_AOI02_Sesto_Fiorentino_DEL_PRODUCT_20250317,EPSG:32632,659520.0,4860270.0,5,8,680490.0,4846410.0,,,,,
EMSR795_AOI02_Sesto_Fiorentino_GRA_PRODUCT_20250319,EPSG:32632,659520.0,4860270.0,5,8,680490.0,4846410.0,,,,,
EMSR795_AOI06_Montelupo_DEL_PRODUCT_20250317,EPSG:32632,627750.0,4858740.0,8,16,671130.0,4836150.0,,,,,
EMSR796_AOI01_Celica_GRA_MONIT01_20250414,EPSG:32717,614250.0,9547470.0,1,1,617490.0,9543420.0,,,,,
EMSR796_AOI01_Celica_GRA_MONIT02_20250501,EPSG:32717,614250.0,9547470.0,1,1,617490.0,9543420.0,,,,,
EMSR796_AOI01_Celica_GRA_PRODUCT_20250320,EPSG:32717,614250.0,9547470.0,1,1,617490.0,9543420.0,,,,,
EMSR796_AOI02_Portovelo_GRA_MONIT01_20250414,EPSG:32717,649890.0,9590940.0,2,2,656730.0,9583920.0,,,,,
EMSR796_AOI02_Portovelo_GRA_MONIT02_20250430,EPSG:32717,649890.0,9590940.0,2,2,656730.0,9583920.0,,,,,
EMSR796_AOI02_Portovelo_GRA_PRODUCT_20250318,EPSG:32717,649890.0,9590940.0,2,2,656730.0,9583920.0,,,,,
EMSR796_AOI03_San_Roque_GRA_MONIT01_20250416,EPSG:32717,640980.0,9588870.0,1,3,651060.0,9583920.0,,,,,
EMSR796_AOI03_San_Roque_GRA_MONIT02_20250430,EPSG:32717,640980.0,9588870.0,1,3,651060.0,9583920.0,,,,,
EMSR796_AOI03_San_Roque_GRA_PRODUCT_20250414,EPSG:32717,640980.0,9588870.0,1,3,651060.0,9583920.0,,,,,
EMSR796_AOI04_Chaguarpamba_GRA_PRODUCT_20250427,EPSG:32717,647640.0,9573300.0,1,2,653220.0,9568620.0,,,,,
EMSR796_AOI06_Milagro_DEL_MONIT01_20250406,EPSG:32717,648990.0,9766530.0,7,9,673920.0,9748170.0,,,,,
EMSR796_AOI06_Milagro_DEL_MONIT02_20250407,EPSG:32717,648990.0,9766530.0,7,9,673920.0,9748170.0,,,,,
EMSR796_AOI06_Milagro_DEL_PRODUCT_20250405,EPSG:32717,648990.0,9766530.0,7,9,673920.0,9748170.0,,,,,
EMSR796_AOI07_Olmedo_GRA_MONIT01_20250429,EPSG:32717,648180.0,9569430.0,2,1,651780.0,9563400.0,,,,,
EMSR796_AOI07_Olmedo_GRA_PRODUCT_20250416,EPSG:32717,648180.0,9569430.0,2,1,651780.0,9563400.0,,,,,
EMSR799_AOI02_Rio_Desaguadero_DEL_PRODUCT_20250412,EPSG:32719,490410.0,8163720.0,28,25,556830.0,8090730.0,,,,,
EMSR799_AOI02_Rio_Desaguadero_FEP_PRODUCT_20250408,EPSG:32719,490410.0,8163720.0,28,25,556830.0,8090730.0,,,,,
EMSR799_AOI03_Rio_Mamore_DEL_PRODUCT_20250412,EPSG:32720,273690.0,8395290.0,21,12,306180.0,8341380.0,,,,,
EMSR799_AOI03_Rio_Mamore_FEP_PRODUCT_20250404,EPSG:32720,273690.0,8395290.0,21,12,306180.0,8341380.0,,,,,
EMSR799_AOI03_Rio_Mamore_GRA_PRODUCT_20250501,EPSG:32720,282690.0,8365950.0,6,7,301680.0,8350200.0,,,,,
EMSR799_AOI04_Toledo_DEL_PRODUCT_20250412,EPSG:32719,623880.0,8010000.0,33,21,679500.0,7924950.0,,,,,
EMSR799_AOI04_Toledo_FEP_PRODUCT_20250409,EPSG:32719,623880.0,8010000.0,33,21,679500.0,7924950.0,,,,,
EMSR800_AOI01_San_Sebastiano_da_Po_GRA_PRODUCT_20250421,EPSG:32632,414450.0,5004270.0,1,1,419040.0,5000940.0,,,,,
EMSR802_AOI01_Ghimbav_DEL_PRODUCT_20250529,EPSG:32635,381240.0,5085900.0,11,6,398610.0,5056110.0,,,,,
EMSR802_AOI02_Lunca_Marcusului_DEL_PRODUCT_20250529,EPSG:32635,397800.0,5076900.0,6,6,414810.0,5061510.0,,,,,
EMSR802_AOI03_Borosneu_Mare_DEL_PRODUCT_20250529,EPSG:32635,411030.0,5084640.0,6,9,434340.0,5069070.0,,,,,
EMSR813_AOI01_Cumbaratza_GRA_PRODUCT_20250714,EPSG:32717,734580.0,9562680.0,2,2,741600.0,9555570.0,,,,,
EMSR838_AOI01_Rasoo_Nagar_DEL_MONIT01_20250831,EPSG:32643,387540.0,3620430.0,23,26,454590.0,3560400.0,,,,,
EMSR838_AOI01_Rasoo_Nagar_DEL_PRODUCT_20250828,EPSG:32643,317700.0,3621420.0,36,53,454590.0,3527190.0,,,,,
EMSR838_AOI02_Sharaqpur_DEL_MONIT01_20250830,EPSG:32643,389430.0,3508830.0,21,20,442710.0,3454830.0,,,,,
EMSR838_AOI02_Sharaqpur_DEL_MONIT02_20250831,EPSG:32643,389430.0,3508830.0,21,20,442710.0,3454830.0,,,,,
EMSR838_AOI02_Sharaqpur_DEL_PRODUCT_20250828,EPSG:32643,389430.0,3508830.0,21,20,442710.0,3454830.0,,,,,
EMSR838_AOI03_Pir_Khalis_DEL_MONIT01_20250831,EPSG:32643,336780.0,3409290.0,27,36,430020.0,3339090.0,,,,,
EMSR838_AOI03_Pir_Khalis_DEL_MONIT02_20250901,EPSG:32643,336780.0,3409290.0,27,36,430020.0,3339090.0,,,,,
EMSR838_AOI04_Najabat_DEL_MONIT01_20250830,EPSG:32643,418320.0,3443220.0,16,20,470790.0,3401910.0,,,,,
EMSR838_AOI04_Najabat_DEL_PRODUCT_20250827,EPSG:32643,425070.0,3443130.0,15,17,470790.0,3403530.0,,,,,
EMSR838_AOI05_Trimmu_DEL_MONIT01_20250830,EPSG:32643,196110.0,3453120.0,20,14,234450.0,3401820.0,,,,,
EMSR838_AOI05_Trimmu_DEL_MONIT02_20250831,EPSG:32643,196110.0,3465990.0,25,15,234810.0,3401820.0,,,,,
EMSR838_AOI05_Trimmu_DEL_MONIT03_20250901,EPSG:32643,196110.0,3465990.0,25,15,234810.0,3401820.0,,,,,
EMSR838_AOI05_Trimmu_DEL_MONIT04_20250902,EPSG:32643,196110.0,3465990.0,25,15,234810.0,3401820.0,,,,,
EMSR838_AOI05_Trimmu_DEL_PRODUCT_20250828,EPSG:32643,196110.0,3453120.0,20,14,234450.0,3401820.0,,,,,
EMSR838_AOI07_Sahuka_DEL_MONIT01_20250901,EPSG:32643,256500.0,3352680.0,23,36,348930.0,3291840.0,,,,,
EMSR838_AOI07_Sahuka_DEL_PRODUCT_20250831,EPSG:32643,256500.0,3352680.0,23,36,348930.0,3291840.0,,,,,
EMSR838_AOI08_Vanike_DEL_MONIT01_20250901,EPSG:32643,317700.0,3594780.0,26,29,394200.0,3527640.0,,,,,
EMSR838_AOI08_Vanike_DEL_PRODUCT_20250831,EPSG:32643,317700.0,3594780.0,26,29,394200.0,3527640.0,,,,,
EMSR838_AOI10_Daggar_GRA_PRODUCT_20250902,EPSG:32643,259740.0,3835170.0,9,5,274140.0,3811140.0,,,,,
EMSR838_AOI11_Wakeel_Abad_GRA_PRODUCT_20250903,EPSG:32643,269730.0,3824010.0,3,6,285390.0,3813840.0,,,,,
EMSR841_AOI01_Gottne_DEL_MONIT01_20250912,EPSG:32634,340290.0,7050330.0,13,18,386730.0,7016670.0,,,,,
EMSR841_AOI01_Gottne_DEL_MONIT02_20250915,EPSG:32634,340290.0,7050330.0,13,18,386730.0,7016670.0,,,,,
EMSR841_AOI01_Gottne_DEL_PRODUCT_20250911,EPSG:32634,340290.0,7050330.0,13,18,386730.0,7016670.0,,,,,
EMSR841_AOI01_Gottne_FEP_PRODUCT_20250910,EPSG:32634,340290.0,7050330.0,13,18,386730.0,7016670.0,,,,,
EMSR843_AOI01_Seveso_DEL_MONIT01_20250925,EPSG:32632,499680.0,5075550.0,16,8,521910.0,5034510.0,,,,,
EMSR843_AOI01_Seveso_DEL_PRODUCT_20250924,EPSG:32632,499680.0,5075550.0,16,8,521910.0,5034510.0,,,,,
EMSR843_AOI02_Blevio_GRA_PRODUCT_20250924,EPSG:32632,504540.0,5077170.0,1,2,510210.0,5072760.0,,,,,
EMSR844_AOI01_Quang_Chau_DEL_MONIT01_20251011,EPSG:32648,599940.0,2352780.0,6,14,637200.0,2334960.0,,,,,
EMSR844_AOI01_Quang_Chau_DEL_MONIT02_20251012,EPSG:32648,599940.0,2352780.0,6,14,637200.0,2334960.0,,,,,
EMSR844_AOI01_Quang_Chau_DEL_PRODUCT_20251009,EPSG:32648,599940.0,2352780.0,6,14,637200.0,2334960.0,,,,,
EMSR845_AOI02_Cazones_de_Herrera_GRA_PRODUCT_20251018,EPSG:32614,664110.0,2295720.0,6,9,688230.0,2280060.0,,,,,
EMSR845_AOI03_Poza_Rica_GRA_PRODUCT_20251019,EPSG:32614,650880.0,2281680.0,6,6,667800.0,2264130.0,,,,,
EMSR845_AOI05_Nuevo_Necaxa_GRA_PRODUCT_20251019,EPSG:32614,594090.0,2244510.0,6,6,610560.0,2227230.0,,,,,
EMSR845_AOI06_Alamo_Tuxpan_DEL_PRODUCT_20251011,EPSG:32614,632340.0,2322270.0,4,17,676260.0,2309760.0,,,,,
EMSR848_AOI01_Quang_Ngai_DEL_MONIT01_20251030,EPSG:32649,209880.0,1708650.0,33,29,284490.0,1623060.0,,,,,
EMSR848_AOI01_Quang_Ngai_DEL_MONIT02_20251102,EPSG:32649,209880.0,1708650.0,33,29,284490.0,1623060.0,,,,,
EMSR848_AOI01_Quang_Ngai_DEL_MONIT03_20251104,EPSG:32649,209880.0,1708650.0,33,29,284490.0,1623060.0,,,,,
EMSR848_AOI01_Quang_Ngai_DEL_PRODUCT_20251027,EPSG:32649,209880.0,1708650.0,33,29,284490.0,1623060.0,,,,,
EMSR848_AOI02_Tam_Ky_DEL_MONIT01_20251101,EPSG:32649,179460.0,1744560.0,22,30,258660.0,1685880.0,,,,,
EMSR848_AOI02_Tam_Ky_DEL_MONIT02_20251104,EPSG:32649,179460.0,1744560.0,22,30,258660.0,1685880.0,,,,,
EMSR848_AOI02_Tam_Ky_DEL_MONIT03_20251106,EPSG:32649,179460.0,1744560.0,22,30,258660.0,1685880.0,,,,,
EMSR848_AOI02_Tam_Ky_DEL_PRODUCT_20251027,EPSG:32649,179460.0,1744560.0,22,30,258660.0,1685880.0,,,,,
EMSR848_AOI02_Tam_Ky_GRA_PRODUCT_20251114,EPSG:32649,225450.0,1733220.0,4,5,238410.0,1720710.0,,,,,
EMSR848_AOI03_Da_Nang_DEL_MONIT01_20251101,EPSG:32649,148680.0,1797390.0,28,30,227520.0,1725660.0,,,,,
EMSR848_AOI03_Da_Nang_DEL_MONIT02_20251104,EPSG:32649,148680.0,1797390.0,28,30,227520.0,1725660.0,,,,,
EMSR848_AOI03_Da_Nang_DEL_MONIT03_20251106,EPSG:32649,148680.0,1797390.0,28,30,227520.0,1725660.0,,,,,
EMSR848_AOI03_Da_Nang_DEL_MONIT04_20251108,EPSG:32649,148680.0,1797390.0,28,30,227520.0,1725660.0,,,,,
EMSR848_AOI03_Da_Nang_DEL_PRODUCT_20251027,EPSG:32649,148680.0,1797390.0,28,30,227520.0,1725660.0,,,,,
EMSR848_AOI03_Da_Nang_GRA_PRODUCT_20251111,EPSG:32649,204750.0,1757430.0,2,4,217440.0,1749780.0,,,,,
EMSR848_AOI04_Hue_DEL_MONIT01_20251101,EPSG:32648,728730.0,1850490.0,28,40,833670.0,1776780.0,,,,,
EMSR848_AOI04_Hue_DEL_MONIT02_20251104,EPSG:32648,728730.0,1850490.0,28,40,833670.0,1776780.0,,,,,
EMSR848_AOI04_Hue_DEL_MONIT03_20251106,EPSG:32648,728730.0,1850490.0,28,40,833670.0,1776780.0,,,,,
EMSR848_AOI04_Hue_DEL_PRODUCT_20251031,EPSG:32648,728730.0,1850490.0,28,40,833670.0,1776780.0,,,,,
EMSR848_AOI05_West_Hue_DEL_PRODUCT_20251108,EPSG:32648,740160.0,1849770.0,15,16,781380.0,1810620.0,,,,,
EMSR848_AOI06_East_Hue_DEL_PRODUCT_20251109,EPSG:32648,769770.0,1836450.0,15,17,814050.0,1796760.0,,,,,
EMSR848_AOI07_Xu_Hue_DEL_PRODUCT_20251026,EPSG:32648,728730.0,1850490.0,28,40,833670.0,1776780.0,,,,,
EMSR848_AOI09_Huong_So_GRA_PRODUCT_20251108,EPSG:32648,765360.0,1830060.0,2,3,775350.0,1822860.0,,,,,
EMSR848_AOI10_Phu_Ngan_GRA_PRODUCT_20251108,EPSG:32648,767340.0,1837530.0,3,5,780480.0,1828710.0,,,,,
EMSR848_AOI11_Quang_Thai_GRA_PRODUCT_20251108,EPSG:32648,752670.0,1847160.0,3,4,764910.0,1838160.0,,,,,
EMSR848_AOI12_Duong_No_GRA_PRODUCT_20251108,EPSG:32648,774720.0,1832220.0,3,3,783630.0,1822050.0,,,,,
EMSR848_AOI13_Thuy_Luong_GRA_PRODUCT_20251108,EPSG:32648,781470.0,1824120.0,4,4,792450.0,1813320.0,,,,,
EMSR848_AOI14_Loc_An_GRA_PRODUCT_20251109,EPSG:32648,789030.0,1814850.0,3,3,798930.0,1804680.0,,,,,
EMSR848_AOI15_Vinh_Phu_GRA_PRODUCT_20251107,EPSG:32648,788850.0,1824210.0,5,6,804600.0,1809900.0,,,,,
EMSR848_AOI16_Quy_Nhon_DEL_MONIT01_20251124,EPSG:32649,266580.0,1551960.0,21,20,318600.0,1497420.0,,,,,
EMSR848_AOI16_Quy_Nhon_DEL_PRODUCT_20251120,EPSG:32649,266580.0,1551960.0,21,20,318600.0,1497420.0,,,,,
EMSR848_AOI17_Tuy_Hoa_DEL_MONIT01_20251122,EPSG:32649,285840.0,1470600.0,20,18,334350.0,1419390.0,,,,,
EMSR848_AOI17_Tuy_Hoa_DEL_MONIT02_20251126,EPSG:32649,285840.0,1470600.0,20,18,334350.0,1419390.0,,,,,
EMSR848_AOI17_Tuy_Hoa_DEL_PRODUCT_20251120,EPSG:32649,285840.0,1470600.0,20,18,334350.0,1419390.0,,,,,
EMSR848_AOI18_Nha_Trang_DEL_MONIT01_20251123,EPSG:32649,254430.0,1377450.0,14,22,310770.0,1339290.0,,,,,
EMSR848_AOI18_Nha_Trang_DEL_PRODUCT_20251121,EPSG:32649,254430.0,1377450.0,14,22,310770.0,1339290.0,,,,,
EMSR848_AOI19_Kim_Chau_DEL_MONIT01_20251124,EPSG:32649,162000.0,1410930.0,18,25,227430.0,1363860.0,,,,,
EMSR848_AOI19_Kim_Chau_DEL_PRODUCT_20251121,EPSG:32649,162000.0,1404540.0,15,25,227160.0,1363860.0,,,,,
EMSR850_AOI02_Gjirokaster_DEL_PRODUCT_20251120,EPSG:32634,405450.0,4470300.0,24,17,450270.0,4407390.0,,,,,
EMSR850_AOI03_Mamurras_DEL_PRODUCT_20251122,EPSG:32634,382680.0,4612320.0,7,5,395730.0,4592970.0,,,,,
EMSR850_AOI03_Mamurras_GRA_PRODUCT_20251123,EPSG:32634,382680.0,4612320.0,6,4,394560.0,4594500.0,,,,,
EMSR850_AOI05_Novosele_DEL_PRODUCT_20251122,EPSG:32634,357030.0,4505040.0,4,6,374760.0,4493790.0,,,,,
EMSR850_AOI05_Novosele_GRA_PRODUCT_20251124,EPSG:32634,359370.0,4504950.0,4,5,373950.0,4494690.0,,,,,
EMSR850_AOI06_Kune_Vain_Tale_DEL_PRODUCT_20251124,EPSG:32634,362790.0,4648680.0,14,12,394920.0,4612320.0,,,,,
EMSR352_AOI01_DEL_PRODUCT_20190408,EPSG:32639,177930.0,3620250.0,120,89,407340.0,3311640.0,,,,,
EMSR424_AOI01_DEL_MONIT01_20200203,EPSG:32738,626940.0,8330940.0,71,76,822600.0,8146890.0,,,,,
EMSR424_AOI01_DEL_PRODUCT_20200131,EPSG:32738,626940.0,8330940.0,71,76,822600.0,8146890.0,,,,,
EMSR424_AOI01_FEP_PRODUCT_20200127,EPSG:32738,551160.0,8335800.0,73,106,822600.0,8146890.0,,,,,
EMSR650_AOI05_DEL_MONIT01_20230221,EPSG:32736,660330.0,8145810.0,71,66,829710.0,7963290.0,,,,,
EMSR774_AOI02_Minatitlan_DEL_PRODUCT_20241101,EPSG:32615,259290.0,2068920.0,67,49,384930.0,1897290.0,,,,,
EMSR838_AOI03_Pir_Khalis_DEL_PRODUCT_20250828,EPSG:32643,256500.0,3410820.0,46,67,430020.0,3291030.0,,,,,
EMSR851_AOI01_Colombo_GRA_MONIT01_20251202,EPSG:32644,372715.68613196106,772257.8552622464,2,2,,,EPSG:4326,79.84783783783783,6.985135135135135,78,66
EMSR851_AOI02_Kelani_Ganga_River_DEL_MONIT01_20251203,EPSG:32644,373689.0742206187,774044.5290256958,5,14,,,EPSG:4326,79.85675675675675,7.001351351351351,423,142
EMSR851_AOI03_Mahaveli_Ganga_River_DEL_MONIT01_20251203,EPSG:32644,451385.3535513213,813270.6635525681,9,4,,,EPSG:4326,80.55972972972972,7.357297297297297,136,274
EMSR851_AOI05_Pulmoddai_DEL_PRODUCT_20251202,EPSG:32644,492154.2654298945,990369.0228207974,4,4,,,EPSG:4326,80.92864864864865,8.95945945945946,133,136
EMSR851_AOI05_Pulmoddai_GRA_MONIT01_20251204,EPSG:32644,492154.2654298945,990369.0228207974,4,4,,,EPSG:4326,80.92864864864865,8.95945945945946,133,136
EMSR851_AOI06_Angoda_GRA_MONIT01_20251205,EPSG:32644,375667.96245779324,771441.6006355385,2,5,,,EPSG:4326,79.87459459459458,6.977837837837837,162,76
EMSR851_AOI06_Angoda_GRA_MONIT02_20251206,EPSG:32644,375667.96245779324,771441.6006355385,2,5,,,EPSG:4326,79.87459459459458,6.977837837837837,162,76
EMSR851_AOI06_Angoda_GRA_PRODUCT_20251204,EPSG:32644,375667.96245779324,771441.6006355385,2,5,,,EPSG:4326,79.87459459459458,6.977837837837837,162,76
EMSR851_AOI07_Malwana_GRA_PRODUCT_20251204,EPSG:32644,386770.67481528706,769174.0270399159,2,4,,,EPSG:4326,79.97513513513513,6.957567567567567,142,82
EMSR851_AOI08_Pugoda_GRA_PRODUCT_20251205,EPSG:32644,398507.2337029547,772919.3088242706,4,3,,,EPSG:4326,80.08135135135134,6.991621621621621,94,121
EMSR851_AOI09_Gampola_GRA_PRODUCT_20251204,EPSG:32644,451564.5869397138,800984.5032763433,4,2,,,EPSG:4326,80.56135135135135,7.246216216216216,68,135
EMSR851_AOI10_Pottuvil_GRA_PRODUCT_20251202,EPSG:32644,590116.0739176018,761701.7784322638,1,1,,,EPSG:4326,81.81567567567568,6.89027027027027,41,45
EMSR851_AOI11_Nainakadu_GRA_PRODUCT_20251226,EPSG:32644,583500.8166048698,808031.462003442,1,1,,,EPSG:4326,81.75648648648648,7.309459459459459,35,35
EMSR851_AOI13_Danowita_GRA_PRODUCT_20251207,EPSG:32644,406986.9088025679,797643.8251046045,1,1,,,EPSG:4326,80.15756756756757,7.215405405405405,34,34
EMSR851_AOI15_Moragahakanda_GRA_PRODUCT_20251208,EPSG:32644,473532.60960301285,853222.3292562731,1,1,,,EPSG:4326,80.75999999999999,7.718918918918918,34,34
EMSR851_AOI17_Saliyawewa_GRA_PRODUCT_20251223,EPSG:32644,399076.04430363816,908102.0996919876,1,1,,,EPSG:4326,80.08378378378379,8.214324324324323,35,34
EMSR851_AOI18_Mannar_GRA_PRODUCT_20251222,EPSG:32644,380995.53063129756,990455.4424431474,1,1,,,EPSG:4326,79.91756756756756,8.958648648648648,50,37
EMSR851_AOI19_Chemmalai_GRA_PRODUCT_20251221,EPSG:32644,484764.8940434171,1010268.2226600242,1,1,,,EPSG:4326,80.86135135135135,9.13945945945946,44,45
EMSR851_AOI20_Kaluwa_Vaadi_GRA_PRODUCT_20251222,EPSG:32644,471862.5928311001,1032413.0143960607,1,1,,,EPSG:4326,80.74378378378378,9.33972972972973,35,36
EMSR851_AOI21_Mihintale_GRA_PRODUCT_20251221,EPSG:32644,445632.4962470048,925857.4127835663,1,2,,,EPSG:4326,80.50621621621622,8.375675675675675,65,29
EMSR853_AOI01_Portachuelo_DEL_PRODUCT_20251217,EPSG:32720,433338.8502400207,8103618.411656243,20,15,,,EPSG:4326,-63.626756756756755,-17.151891891891893,458,588
EMSR853_AOI02_Santa_Rosa_del_Sara_DEL_MONIT01_20251219,EPSG:32720,336416.7976783072,8236888.255043711,54,49,,,EPSG:4326,-64.52837837837838,-15.947027027027026,1452,1544
EMSR853_AOI02_Santa_Rosa_del_Sara_DEL_PRODUCT_20251218,EPSG:32720,336416.7976783072,8236888.255043711,54,49,,,EPSG:4326,-64.52837837837838,-15.947027027027026,1452,1544
EMSR853_AOI04_El_Torno_GRA_MONIT01_20251219,EPSG:32720,443069.7184793267,8017125.689003646,10,7,,,EPSG:4326,-63.537567567567564,-17.933513513513514,229,301
EMSR853_AOI04_El_Torno_GRA_PRODUCT_20251218,EPSG:32720,443069.7184793267,8017125.689003646,10,7,,,EPSG:4326,-63.537567567567564,-17.933513513513514,229,301
EMSR853_AOI06_Montero_GRA_MONIT01_20251219,EPSG:32720,465093.62014902895,8092330.488898514,7,6,,,EPSG:4326,-63.328378378378375,-17.254054054054052,204,201
EMSR853_AOI06_Montero_GRA_PRODUCT_20251218,EPSG:32720,465093.62014902895,8092330.488898514,7,6,,,EPSG:4326,-63.328378378378375,-17.254054054054052,204,201
EMSR853_AOI07_Warnes_DEL_PRODUCT_20251217,EPSG:32720,454366.03642818483,8071688.551710199,8,9,,,EPSG:4326,-63.42972972972973,-17.44054054054054,287,238
EMSR853_AOI08_La_Caranda_DEL_MONIT01_20251219,EPSG:32720,472473.65792773635,8116557.0455966825,27,14,,,EPSG:4326,-63.258648648648645,-17.035135135135135,416,790
EMSR853_AOI08_La_Caranda_DEL_PRODUCT_20251217,EPSG:32720,472473.65792773635,8116557.0455966825,27,14,,,EPSG:4326,-63.258648648648645,-17.035135135135135,416,790
